,0,count
0,0xb003df4b243f938132e8cadbeb237abc5a889fb4,61
1,0xd524e29e3baf5bb085403ca5665301e94387a7e2,41
2,0x74de5d4fcbf63e00296fd95d33236b9794016631,18
3,0x27182842e098f60e3d576794a5bffb0777e025d3,13
4,0xc697bb6625d9f7adcf0fbf0cbd4dcf50d8716cd3,11
5,0x30741289523c2e4d2a62c7d6722686d14e723851,8
6,0xe93381fb4c4f14bda253907b18fad305d799241a,6
7,0xf2f400c138f9fb900576263af0bc7fcde2b1b8a8,4
8,0xa35d9662c7ba53d5f0ea0f0c9b5706c57aa7639b,3
9,0x75e89d5979e4f6fba9f97c104c2f0afb3f1dcb88,3
10,0x25aa4a183800ecab962d84ccc7ada58d4e126992,2
11,0xd7e630afcf128feb8b9071a8412914478c00c22a,2
12,0x5b6e02c09708cfb74f9f893a84fba2d63dc8f986,2
13,0x1111111254fb6c44bac0bed2854e76f90643097d,2
14,0x0d0707963952f2fba59dd06f2b425ace40b492fe,2
15,0xc36442b4a4522e871399cd717abdd847ab11fe88,2
16,0x0ab3cd94e756b856366194e440f60ea97eca2c32,1
17,0x5c69bb5a52f3d55e684c4025bca70f75ad26c3a8,1
18,0x2ac08d873a6300a35084335a07d39b5e4a48a839,1
19,0x2b92bfb9355051c0d565a93dfa42285b3fc3b5e0,1
20,0x301ac3099ec0ac934e751dcec1a97cea2c33c94f,1
21,0x710cbf43a0c8f3811945a9971661a71867ca3864,1
22,0xd6b38bea1b891c9064b1167fb68f8478f6829326,1
23,0x37900736d4baa4fc9930c1a89352391228628c64,1
24,0x464698f76f319d52d39687e15eeb86b3d3b48779,1
25,0x5734e87bccdb21bf3b8f228a5ed2dc8150f010aa,1
26,0x484a20f25b683e437524f441cf1fd97d0f13dc8c,1
27,0x5387ffa97324e2b3e21fb8aea0d0260bbea27ad2,1
28,0x8a90f53f35fdfddf292246de3b79fbcde32e6c75,1
29,0xbbfddec7ee3501ac36c7450ffc6b683de9c7e6a6,1
30,0x5a1cae6f827791bf6108049bb0ce72c5dae856f2,1
31,0xd7ac846bb0af58daf20a242ad4dd50fafb0fa33f,1
32,0x25d9d6f36fb3773b98284624e2a58c0cb3c98cd4,1
33,0x69f469027371fd79366de6beacd090c8ee715504,1
34,0x739adc03a7d8cea2f0a64d9622a5c346cb0ca1eb,1
35,0x7bbee3e3f5fc2f58ba6817676065a43d79519bab,1
36,0x9115b05c877ac8f2f8c02aeaea35f58427790e66,1
37,0xc42c23c8287050c6d0cda3146b89efbb8ab7c748,1
38,0xc67a6113c387bb301db5cd2a0120b17b53a158ab,1
39,0xf75088b5870b134e350fd010e449dc4e004d81e2,1
40,0xbc063735a5b8bdd12611157e7e0f29d1570d892d,1
41,0xc3974017be99eb7e6b830bcc914d80e6c2eec04b,1
42,0xe28bdc17381fc5918c898f9f9ed9931dc1d8033a,1
43,0xfcfd4f6dda50e2dd3f7f54da8d0ca046c6d770a3,1
44,0xdd9f24efc84d93deef3c8745c837ab63e80abd27,1
45,0x288931fa76d7b0482f0fd0bca9a50bf0d22b9fef,1
46,0x1a8b9b0a9b74e5be94909f51efd259078acad719,1
47,0x2de8dd1e34fa983d7416b3e7e0e682fe07c4e7e8,1
48,0xf90b82bee353168831088541c1ed983322bf87d4,1
49,0xebb37b8ea7c2d1d6f3a28f9aa8e4d32fc4bcfbd5,1
50,0x54b30069daed0ee345d1ab15a8f5657a54508717,1
51,0x96d714eafb97a78f615468ec84c4a5757310af61,1
52,0x55a28009ecc4cb9aedfe812ac3320f09ea7aa3c6,1
53,0x55e29dd6269522b89aa061617515a6e211f2e71d,1
54,0x7338afb07db145220849b04a45243956f20b14d9,1
55,0xb238af58bc54aede67639d6fa26d4b27777a6854,1
56,0x7d873fbfe8e16f5f55740a52a356c2f52c613cdf,1
57,0x9e0b09ebc963d115182adb9033a52eca5792423b,1
58,0xa70aeb6f4b116ec5478a1204ea7a6ca4e50e2997,1
59,0xcdd6ec239116c84b87916dceef93d92ae0b64c1f,1
60,0xa819968c8370407962b8763cb668918d7c6ce3cc,1
61,0xabaaf6b135ca7457c40858dadc510b198b8bee55,1
62,0xb08cd47f71dbfe28fcff64bf3c32156b36b5c712,1
63,0xbd9e0a744059bfb83dd9b6a07f050e295956abd9,1
64,0xc7f651ba6e744c854aa87bc39d4cdd653f942386,1
65,0xda48fa0236851a0a3a9164b96e17e6a898bcd181,1
66,0xdd84ce1adcb3a4908db61a1dfa3353c3974c5a2b,1
67,0xd726d0c85f66121fe969ab7d6b49dc846a48702a,1
68,0x0639556f03714a74a5feeaf5736a4a64ff70d206,1
69,0xd3c05e86af62a56a44b038d814e629b3cedfea46,1
70,0x09be9ab0eb61327d26904bae69efdc6633d5eec8,1
71,0x2eeb5af890f370ae711f99aaec0166728c40cf9d,1
72,0xbf5ae133b9a0fc1a07952a7df2afa21f7f69ef58,1
73,0x10c9310faf12b4e9284edc3b884648e312da2dd5,1
74,0xfacbdecf714f55d65abf5be2054a8127880405c7,1
75,0xee009faf00cf54c1b4387829af7a8dc5f0c8c8c5,1
76,0x8fdc3cacfde2fc666fc8a81d1092144dfa846a31,1
77,0xee3893b1c7f9ad58f6b3a44d130bcdd046e1738f,1
