Player_Name,Season,Team,CapHit,S.C,Games_Played,GS,Wins,Losses,T,OT,SA,Svs,GA,Svpercent,GAA,TOI,SO,G,A,P,PIM,Cap_Hit,Sv_percent,TOI_minutes,Cap_Hit_Bin,Wins_per_M,SvPct_per_M,SO_per_M,Predicted_Wins,Wins_Bin,Cap_Percent,Predicted_Cap_Hit
Dylan Wells,2022-2023,CHI,750000,L,1,0,0,0,--,0,13,12,1,0.923,3,20:00,0,0,0,0,0,0.075,0.923,20,Low,0,12.30666667,0,-0.422375592,Low,0.000909091,0.006897992
Matt Murray,2023-2024,DAL,750000,L,1,1,1,0,--,0,23,23,0,1,0,60:00:00,1,0,0,0,0,0.75,1,60,Low,1.333333333,1.333333333,1.333333333,0.926675002,Low,0.008982036,0.005546471
Magnus Hellberg,2021-2022,DET,750000,L,1,1,1,0,--,0,23,20,3,0.87,3,60:00:00,0,0,0,0,0,0.75,0.87,60,Low,1.333333333,1.16,0,-0.617279797,Low,0.009202454,0.009082609
Adam Huska,2021-2022,NYR,750000,L,1,1,0,1,--,0,39,32,7,0.821,7.04,59:42:00,0,0,0,0,0,0.75,0.821,59.7,Low,0,1.094666667,0,-1.201861244,Low,0.009202454,0.010114893
Keith Kinkaid,2021-2022,NYR,750000,L,1,1,1,0,--,0,31,29,2,0.935,2,60:00:00,0,0,0,0,0,0.75,0.935,60,Low,1.333333333,1.246666667,0,0.154697602,Low,0.009202454,0.00731454
Michael McNiven,2021-2022,MTL,750000,L,1,0,0,0,--,0,7,4,3,0.571,9,20:00,0,0,0,0,0,0.75,0.571,20,Low,0,0.761333333,0,-4.518942873,Low,0.009202454,0.016472765
Cory Schneider,2021-2022,NYI,750000,L,1,1,1,0,--,0,30,27,3,0.9,3,60:00:00,0,0,0,0,0,0.75,0.9,60,Low,1.333333333,1.2,0,-0.260982536,Low,0.009202454,0.008266577
Olle Eriksson Ek,2022-2023,ANA,750000,L,1,1,0,0,--,1,39,34,5,0.872,4.69,63:59:00,0,0,0,0,0,0.75,0.872,63.98333333,Low,0,1.162666667,0,-0.558616013,Low,0.009090909,0.008775369
Louis Domingue,2023-2024,NYR,750000,R,1,1,1,0,--,0,26,25,1,0.962,1,60:00:00,0,0,0,0,0,0.75,0.962,60,Low,1.333333333,1.282666667,0,0.475365138,Low,0.008982036,0.006580112
Jet Greaves,2022-2023,CBJ,758333,L,1,1,0,1,--,0,49,46,3,0.939,3.05,58:57:00,0,0,0,0,0,0.758333,0.939,58.95,Low,0,1.238242303,0,0.194038357,Low,0.009191915,0.00689681
Kenneth Appleby,2023-2024,NYI,762500,L,1,0,0,0,--,0,8,6,2,0.75,6,20:00,0,0,0,0,0,0.7625,0.75,20,Low,0,0.983606557,0,-2.391480561,Low,0.009131737,0.011603775
Michael Hutchinson,2023-2024,DET,775000,R,1,1,0,1,--,0,36,33,3,0.917,3.11,57:48:00,0,0,0,0,0,0.775,0.917,57.8,Low,0,1.183225806,0,-0.075251303,Low,0.009281437,0.007482418
Malcolm Subban,2023-2024,CBJ,775000,L,1,1,0,1,--,0,35,32,3,0.914,3,60:00:00,0,0,0,0,0,0.775,0.914,60,Low,0,1.179354839,0,-0.091599842,Low,0.009281437,0.007588537
Ales Stezka,2024-2025,SEA,775000,L,1,1,0,1,--,0,23,20,3,0.87,3.09,58:20:00,0,0,0,0,0,0.775,0.87,58.33333333,Low,0,1.122580645,0,-0.628776118,Low,0.008806818,0.008766811
Brandon Halverson,2024-2025,TBL,775000,L,1,1,0,1,--,0,24,19,5,0.792,5.18,57:57:00,0,0,0,0,0,0.775,0.792,57.95,Low,0,1.021935484,0,-1.558508599,Low,0.008806818,0.010884222
Clay Stevenson,2024-2025,WSH,775000,L,1,1,0,1,--,0,38,33,5,0.868,5,60:00:00,0,0,0,0,0,0.775,0.868,60,Low,0,1.12,0,-0.637922309,Low,0.008806818,0.008839786
Hunter Shepard,2024-2025,WSH,775000,L,1,1,0,1,--,0,26,19,7,0.731,7,60:00:00,0,0,0,0,0,0.775,0.731,60,Low,0,0.943225806,0,-2.265013136,Low,0.008806818,0.012566331
Louis Domingue,2024-2025,NYR,775000,R,1,1,1,0,--,0,27,25,2,0.926,2,60:00:00,0,0,0,0,0,0.775,0.926,60,Low,1.290322581,1.19483871,0,0.050919063,Low,0.008806818,0.00755935
Matt Villalta,2024-2025,UTA,775000,L,1,1,1,0,--,0,31,28,3,0.903,3,60:00:00,0,0,0,0,0,0.775,0.903,60,Low,1.290322581,1.16516129,0,-0.222242171,Low,0.008806818,0.008184974
Pheonix Copley,2024-2025,LAK,775000,L,1,0,0,0,--,0,12,10,2,0.833,4.37,27:29:00,0,0,0,0,0,0.775,0.833,27.48333333,Low,0,1.07483871,0,-1.338584235,Low,0.008806818,0.009429477
Erik Portillo,2024-2025,LAK,783333,L,1,1,1,0,--,0,29,28,1,0.966,1.02,58:37:00,0,0,0,0,0,0.783333,0.966,58.61666667,Low,1.276596288,1.233192014,0,0.51489514,Low,0.008901511,0.006455892
Alex Stalock,2021-2022,SJS,785000,L,1,1,0,1,--,0,28,22,6,0.786,7.81,46:07:00,0,0,0,0,0,0.785,0.786,46.11666667,Low,0,1.001273885,0,-1.732233211,Low,0.009631902,0.010915565
Yaniv Perets,2023-2024,CAR,805000,L,1,0,0,0,--,0,1,1,0,1,0,12:46,0,0,0,0,0,0.805,1,12.76666667,Mid-Low,0,1.242236025,0,0.519557165,Low,0.009640719,0.004722906
Yaniv Perets,2024-2025,CAR,805000,L,1,0,0,0,--,0,7,6,1,0.857,7.32,8:12,0,0,0,0,0,0.805,0.857,8.2,Mid-Low,0,1.064596273,0,-1.218816184,Low,0.009147727,0.00856177
Dustin Wolf,2022-2023,CGY,827500,L,1,1,1,0,--,0,24,23,1,0.958,1,59:54:00,0,0,0,0,0,0.8275,0.958,59.9,Mid-Low,1.208459215,1.157703927,0,0.436625399,Low,0.010030303,0.006687801
Hugo Alnefelt,2021-2022,TBL,850833,L,1,0,0,0,--,0,10,7,3,0.7,9,20:00,0,0,0,0,0,0.850833,0.7,20,Mid-Low,0,0.822723143,0,-2.974318447,Low,0.010439669,0.012963828
Sebastian Cossa,2024-2025,DET,863333,L,1,0,1,0,--,0,14,12,2,0.857,2.67,45:00:00,0,0,0,0,0,0.863333,0.857,45,Mid-Low,1.158301606,0.992664476,0,-0.889036394,Low,0.009810602,0.009269072
Tristan Lennox,2024-2025,NYI,867500,L,1,0,0,0,--,0,2,1,1,0.5,12.72,4:43,0,0,0,0,0,0.8675,0.5,4.716666667,Mid-Low,0,0.576368876,0,-5.481505544,Low,0.009857955,0.018233732
Victor Ostman,2024-2025,SEA,870000,L,1,0,0,0,--,0,12,12,0,1,0,20:00,0,0,0,0,0,0.87,1,20,Mid-Low,0,1.149425287,0,0.591039032,Low,0.009886364,0.00480351
Nikke Kokko,2024-2025,SEA,892000,L,1,0,0,0,--,0,6,4,2,0.667,4.01,29:57:00,0,0,0,0,0,0.892,0.667,29.95,Mid-Low,0,0.747757848,0,-3.273919657,Low,0.010136364,0.01397234
Michael DiPietro,2021-2022,VAN,925000,L,1,1,0,1,--,0,17,14,3,0.824,3.14,57:21:00,0,0,0,0,0,0.925,0.824,57.35,Mid-Low,0,0.890810811,0,-1.165052858,Low,0.011349693,0.010007102
Kaapo Kahkonen,2024-2025,COL,1000000,L,1,1,0,1,--,0,20,16,4,0.8,4.12,58:16:00,0,0,0,0,0,1,0.8,58.26666667,Mid-Low,0,0.8,0,-1.432724922,Low,0.011363636,0.010670143
Yaroslav Askarov,2022-2023,NSH,1775000,R,1,1,0,1,--,0,35,31,4,0.886,4.15,57:50:00,0,0,0,0,0,1.775,0.886,57.83333333,Mid-High,0,0.49915493,0,-0.318707441,Low,0.021515152,0.008326023
Anton Khudobin,2022-2023,CHI,2750000,L,1,1,0,1,--,0,28,22,6,0.786,6,60:00:00,0,0,0,0,0,2.75,0.786,60,Mid-High,0,0.285818182,0,-1.36606101,Low,0.033333333,0.011070273
Michael Hutchinson,2021-2022,TOR,725000,R,2,1,0,1,--,0,42,36,6,0.857,4.57,78:43:00,0,0,0,0,0,0.725,0.857,78.71666667,Low,0,1.182068966,0,-0.610749757,Low,0.008895706,0.009347565
Louis Domingue,2021-2022,PIT,750000,R,2,2,1,1,--,0,83,79,4,0.952,2.02,118:45:00,0,0,0,0,0,0.75,0.952,118.75,Low,1.333333333,1.269333333,0,0.871494719,Low,0.009202454,0.007506797
Michael Houser,2021-2022,BUF,750000,L,2,2,2,0,--,0,77,73,4,0.948,2,120:00:00,0,0,0,0,0,0.75,0.948,120,Low,2.666666667,1.264,0,0.834943638,Low,0.009202454,0.007926756
Josef Korenar,2021-2022,ARI,750000,L,2,0,0,0,--,0,35,32,3,0.914,2.56,70:18:00,0,0,0,0,0,0.75,0.914,70.3,Low,0,1.218666667,0,-0.004439469,Low,0.009202454,0.007703314
Maxime Lagace,2021-2022,TBL,750000,L,2,2,1,1,--,0,58,48,10,0.828,6.11,98:08:00,0,0,0,0,0,0.75,0.828,98.13333333,Low,1.333333333,1.104,0,-0.781888722,Low,0.009202454,0.010649989
Alex Lyon,2021-2022,CAR,750000,L,2,2,1,0,--,1,65,59,6,0.908,2.93,122:49:00,0,0,0,0,0,0.75,0.908,122.8166667,Low,1.333333333,1.210666667,0,0.384566385,Low,0.009202454,0.00874896
Garret Sparks,2021-2022,LAK,750000,L,2,1,1,0,--,0,47,44,3,0.936,1.85,97:13:00,0,0,0,0,0,0.75,0.936,97.21666667,Low,1.333333333,1.248,0,0.492747592,Low,0.009202454,0.007702059
Dylan Ferguson,2022-2023,OTT,750000,L,2,2,1,1,--,0,83,78,5,0.94,2.52,118:52:00,0,0,0,0,0,0.75,0.94,118.8666667,Low,1.333333333,1.253333333,0,0.729998302,Low,0.009090909,0.007834509
Keith Kinkaid,2022-2023,COL,750000,L,2,1,1,0,--,0,40,38,2,0.95,1.37,87:51:00,0,0,0,0,0,0.75,0.95,87.85,Low,1.333333333,1.266666667,0,0.576928532,Low,0.009090909,0.007216868
Eetu Makiniemi,2022-2023,SJS,775000,L,2,1,1,0,--,1,32,29,3,0.906,2.13,84:20:00,0,0,0,0,0,0.775,0.906,84.33333333,Low,1.290322581,1.169032258,0,0.026649169,Low,0.009393939,0.008374527
Jiri Patera,2022-2023,VGK,775000,L,2,2,2,0,--,0,70,65,5,0.929,2.5,120:00:00,0,0,0,0,0,0.775,0.929,120,Low,2.580645161,1.198709677,0,0.612399344,Low,0.009393939,0.008443576
Matt Villalta,2023-2024,ARI,775000,L,2,1,0,1,--,0,29,24,5,0.828,4.17,71:58:00,0,0,0,0,0,0.775,0.828,71.96666667,Low,0,1.068387097,0,-1.008107353,Low,0.009281437,0.010061177
Jakub Skarek,2024-2025,NYI,775000,L,2,1,0,1,--,0,39,34,5,0.872,3.94,76:09:00,0,0,0,0,0,0.775,0.872,76.15,Low,0,1.12516129,0,-0.448874567,Low,0.008806818,0.008910947
Mads Sogaard,2024-2025,OTT,775000,L,2,1,1,1,--,0,40,32,8,0.8,5.24,91:33:00,0,0,0,0,2,0.775,0.8,91.55,Low,1.290322581,1.032258065,0,-1.169019685,Low,0.008806818,0.011338258
Olivier Rodrigue,2024-2025,EDM,775000,L,2,1,0,1,--,0,29,25,4,0.862,3.1,77:25:00,0,0,0,0,0,0.775,0.862,77.41666667,Low,0,1.112258065,0,-0.556539031,Low,0.008806818,0.009197073
Trent Miner,2024-2025,COL,775000,L,2,1,0,1,--,0,33,29,4,0.879,2.62,91:38:00,0,0,0,0,0,0.775,0.879,91.63333333,Low,0,1.134193548,0,-0.230039882,Low,0.008806818,0.008893077
Chris Driedger,2023-2024,SEA,795000,L,2,2,1,1,--,0,60,55,5,0.917,2.51,119:35:00,0,0,0,0,0,0.795,0.917,119.5833333,Mid-Low,1.257861635,1.153459119,0,0.468717211,Low,0.009520958,0.00846812
Pheonix Copley,2021-2022,WSH,825000,L,2,1,0,1,--,0,41,36,5,0.878,3.11,96:35:00,0,0,0,0,0,0.825,0.878,96.58333333,Mid-Low,0,1.064242424,0,-0.192312508,Low,0.010122699,0.008975438
Leevi Meriläinen,2022-2023,OTT,838333,L,2,2,0,1,--,1,49,43,6,0.878,4.23,85:05:00,0,0,0,0,0,0.838333,0.878,85.08333333,Mid-Low,0,1.04731652,0,-0.291441565,Low,0.010161612,0.008847289
Matt Murray,2024-2025,TOR,875000,L,2,2,1,1,--,0,58,51,7,0.879,3.54,118:39:00,0,0,0,0,0,0.875,0.879,118.65,Mid-Low,1.142857143,1.004571429,0,0.019181494,Low,0.009943182,0.00949136
Georgi Romanov,2023-2024,SJS,910000,L,2,0,0,0,--,0,30,29,1,0.967,1.01,59:15:00,0,0,0,0,0,0.91,0.967,59.25,Mid-Low,0,1.062637363,0,0.548082972,Low,0.010898204,0.006138523
Jack LaFontaine,2021-2022,CAR,910909,L,2,1,0,1,--,0,41,32,9,0.78,7.2,74:57:00,0,0,0,0,0,0.910909,0.78,74.95,Mid-Low,0,0.856287511,0,-1.535125959,Low,0.011176798,0.011400073
Joel Hofer,2021-2022,STL,925000,L,2,2,1,1,--,0,50,44,6,0.88,3.07,117:09:00,0,0,1,1,0,0.925,0.88,117.15,Mid-Low,1.081081081,0.951351351,0,0.024133083,Low,0.011349693,0.009447444
Mads Sogaard,2021-2022,OTT,925000,L,2,2,1,1,--,0,54,48,6,0.889,3.07,117:18:00,0,0,0,0,0,0.925,0.889,117.3,Mid-Low,1.081081081,0.961081081,0,0.132336888,Low,0.011349693,0.009204306
Drew Commesso,2024-2025,CHI,925000,L,2,1,0,1,--,0,26,22,4,0.846,3.36,71:21:00,0,0,0,0,0,0.925,0.846,71.35,Mid-Low,0,0.914594595,0,-0.781069737,Low,0.010511364,0.009564687
Jesper Wallstedt,2024-2025,MIN,925000,L,2,2,0,2,--,0,51,43,8,0.843,4.09,117:26:00,0,0,0,0,2,0.925,0.843,117.4333333,Mid-Low,0,0.911351351,0,-0.412817023,Low,0.010511364,0.010159815
Nikita Tolopilo,2024-2025,VAN,950000,L,2,1,1,1,--,0,26,23,3,0.885,2.15,83:39:00,0,0,0,0,0,0.95,0.885,83.65,Mid-Low,1.052631579,0.931578947,0,-0.206973294,Low,0.010795455,0.008938135
Justus Annunen,2021-2022,COL,1050000,L,2,1,1,0,--,1,51,44,7,0.863,4.34,96:46:00,0,0,1,1,0,1.05,0.863,96.76666667,Mid-Low,0.952380952,0.821904762,0,-0.340858622,Low,0.012883436,0.009682722
Justus Annunen,2022-2023,COL,1050000,L,2,2,1,1,--,0,48,41,7,0.854,3.58,117:20:00,0,0,0,0,0,1.05,0.854,117.3333333,Mid-Low,0.952380952,0.813333333,0,-0.267497916,Low,0.012727273,0.010156714
Yaroslav Askarov,2023-2024,NSH,1775000,R,2,1,1,0,--,0,35,33,2,0.943,1.47,81:40:00,0,0,0,0,0,1.775,0.943,81.66666667,Mid-High,0.563380282,0.531267606,0,0.567136882,Low,0.021257485,0.007338372
Connor Ingram,2021-2022,NSH,733333,L,3,3,1,2,--,0,91,80,11,0.879,3.71,177:45:00,0,0,0,0,0,0.733333,0.879,177.75,Low,1.363636983,1.198636908,0,0.519517295,Low,0.008997951,0.010149934
Carter Hutton,2021-2022,ARI,750000,L,3,3,0,2,--,0,58,43,15,0.741,7.76,115:58:00,0,0,0,0,0,0.75,0.741,115.9666667,Low,0,0.988,0,-1.658856309,Low,0.009202454,0.012917979
Jon Gillies,2022-2023,CBJ,750000,L,3,2,1,1,--,0,66,57,9,0.864,4.57,118:09:00,0,0,0,0,0,0.75,0.864,118.15,Low,1.333333333,1.152,0,-0.17890242,Low,0.009090909,0.009893804
Jonas Johansson,2022-2023,COL,750000,L,3,2,2,0,--,0,73,68,5,0.932,2.1,142:57:00,0,0,0,0,0,0.75,0.932,142.95,Low,2.666666667,1.242666667,0,0.846056269,Low,0.009090909,0.008617714
Matt Murray,2022-2023,DAL,775000,L,3,3,1,2,--,0,64,54,10,0.844,3.39,177:02:00,0,0,0,0,0,0.775,0.844,177.0333333,Low,1.290322581,1.089032258,0,0.102740604,Low,0.009393939,0.011093985
Kevin Mandolese,2022-2023,OTT,775000,L,3,3,1,2,--,0,119,109,10,0.916,3.29,182:12:00,0,0,0,0,0,0.775,0.916,182.2,Low,1.290322581,1.181935484,0,1.003135607,Low,0.009393939,0.009193083
Magnus Hellberg,2023-2024,PIT,775000,L,3,1,1,0,--,0,64,59,5,0.922,2.5,119:53:00,0,0,0,0,0,0.775,0.922,119.8833333,Low,1.290322581,1.189677419,0,0.52824083,Low,0.009281437,0.008335458
Calvin Pickard,2021-2022,DET,800000,L,3,1,1,1,--,0,72,63,9,0.875,4.3,125:38:00,0,0,0,0,0,0.8,0.875,125.6333333,Mid-Low,1.25,1.09375,0,0.023546437,Low,0.009815951,0.009677982
Cayden Primeau,2022-2023,MTL,890000,L,3,2,0,2,--,0,54,46,8,0.852,3.46,138:35:00,0,0,0,0,0,0.89,0.852,138.5833333,Mid-Low,0,0.957303371,0,-0.124920418,Low,0.010787879,0.010150688
Pyotr Kochetkov,2021-2022,CAR,925000,L,3,2,3,0,--,0,61,55,6,0.902,2.42,148:36:00,0,0,0,0,0,0.925,0.902,148.6,Mid-Low,3.243243243,0.975135135,0,0.561051074,Mid-Low,0.011349693,0.009793931
Ivan Prosvetov,2021-2022,ARI,925000,L,3,3,0,2,--,1,104,91,13,0.875,4.22,185:00:00,0,0,0,0,0,0.925,0.875,185,Mid-Low,0,0.945945946,0,0.559399543,Low,0.011349693,0.010042303
Arvid Soderblom,2021-2022,CHI,925000,L,3,2,0,2,--,0,95,82,13,0.863,5.01,155:49:00,0,0,0,0,0,0.925,0.863,155.8166667,Mid-Low,0,0.932972973,0,0.161112771,Low,0.011349693,0.010043514
Ivan Fedotov,2023-2024,PHI,1100000,L,3,1,0,1,--,1,53,43,10,0.811,4.95,121:09:00,0,0,0,0,0,1.1,0.811,121.15,Mid-High,0,0.737272727,0,-0.738519441,Low,0.013173653,0.011071665
Jesper Wallstedt,2023-2024,MIN,1350000,L,3,3,2,1,--,0,87,78,9,0.897,3.01,179:17:00,1,0,0,0,0,1.35,0.897,179.2833333,Mid-High,1.481481481,0.664444444,0.740740741,0.823463192,Low,0.016167665,0.009974627
Zach Fucale,2021-2022,WSH,750000,L,4,3,1,1,--,1,66,61,5,0.924,1.75,171:35:00,1,0,0,0,0,0.75,0.924,171.5833333,Low,1.333333333,1.232,1.333333333,1.001991237,Low,0.009202454,0.008857169
Joseph Woll,2021-2022,TOR,750000,L,4,4,3,1,--,0,123,112,11,0.911,2.75,239:54:00,1,0,0,0,2,0.75,0.911,239.9,Low,4,1.214666667,1.333333333,1.446335042,Mid-Low,0.009202454,0.010566514
Aaron Dell,2022-2023,SJS,775000,L,4,3,0,3,--,0,103,94,9,0.913,2.71,199:17:00,0,0,0,0,0,0.775,0.913,199.2833333,Low,0,1.178064516,0,1.117227219,Low,0.009393939,0.009167827
Dustin Tokarski,2022-2023,PIT,775000,L,4,2,1,2,--,0,117,105,12,0.897,3.44,209:24:00,0,0,0,0,0,0.775,0.897,209.4,Low,1.290322581,1.157419355,0,1.01586626,Low,0.009393939,0.010013004
Hunter Shepard,2023-2024,WSH,775000,L,4,4,2,1,--,1,123,110,13,0.894,3.19,244:50:00,0,0,0,0,0,0.775,0.894,244.8333333,Low,2.580645161,1.153548387,0,1.2907805,Low,0.009281437,0.01078668
Arturs Silovs,2023-2024,VAN,810000,L,4,4,3,0,--,1,84,74,10,0.881,2.47,243:13:00,0,0,0,0,0,0.81,0.881,243.2166667,Mid-Low,3.703703704,1.087654321,0,1.126571164,Mid-Low,0.009700599,0.011419504
Malcolm Subban,2021-2022,BUF,850000,L,4,3,0,2,--,1,132,115,17,0.871,4.85,210:28:00,0,0,0,0,0,0.85,0.871,210.4666667,Mid-Low,0,1.024705882,0,0.725755671,Low,0.010429448,0.010434892
Lukas Dostal,2021-2022,ANA,925000,L,4,3,1,2,--,0,108,98,10,0.907,2.98,201:27:00,0,0,0,0,0,0.925,0.907,201.45,Mid-Low,1.081081081,0.980540541,0,1.083620649,Low,0.011349693,0.009652403
Daniil Tarasov,2021-2022,CBJ,925000,L,4,3,0,2,--,0,111,104,7,0.937,2.4,174:51:00,0,0,0,0,0,0.925,0.937,174.85,Mid-Low,0,1.012972973,0,1.206790831,Low,0.011349693,0.008242731
Tuukka Rask,2021-2022,BOS,1000000,L,4,4,2,2,--,0,90,76,14,0.844,4.28,196:21:00,0,0,0,0,2,1,0.844,196.35,Mid-Low,2,0.844,0,0.30003102,Low,0.012269939,0.011606464
Joey Daccord,2021-2022,SEA,750000,L,5,4,0,4,--,0,140,119,21,0.85,4.3,293:13:00,0,0,0,0,0,0.75,0.85,293.2166667,Low,0,1.133333333,0,1.18914059,Low,0.009202454,0.01192823
Charlie Lindgren,2021-2022,STL,750000,R,5,4,5,0,--,0,118,113,5,0.958,1.22,246:25:00,0,0,0,0,0,0.75,0.958,246.4166667,Low,6.666666667,1.277333333,0,2.061647298,Mid-Low,0.009202454,0.009955133
Felix Sandstrom,2021-2022,PHI,750000,L,5,5,0,4,--,1,177,161,16,0.91,3.23,297:15:00,0,0,0,0,0,0.75,0.91,297.25,Low,0,1.213333333,0,1.937083955,Low,0.009202454,0.010341112
Joey Daccord,2022-2023,SEA,750000,L,5,4,2,1,--,1,130,117,13,0.9,3.14,248:08:00,0,0,0,0,0,0.75,0.9,248.1333333,Low,2.666666667,1.2,0,1.387851094,Low,0.009090909,0.010660247
Felix Sandstrom,2023-2024,PHI,775000,L,5,3,1,2,--,0,96,79,17,0.823,3.87,263:29:00,0,0,0,0,0,0.775,0.823,263.4833333,Low,1.290322581,1.061935484,0,0.610995529,Low,0.009281437,0.012628554
Arturs Silovs,2022-2023,VAN,810000,L,5,5,3,2,--,0,152,138,14,0.908,2.75,305:56:00,0,0,0,0,0,0.81,0.908,305.9333333,Mid-Low,3.703703704,1.120987654,0,1.996898599,Mid-Low,0.009818182,0.011383952
Akira Schmid,2024-2025,VGK,875000,L,5,3,2,0,--,1,90,85,5,0.944,1.26,238:06:00,0,0,0,0,0,0.875,0.944,238.1,Mid-Low,2.285714286,1.078857143,0,1.838039708,Low,0.009943182,0.009351595
Jack Campbell,2023-2024,EDM,5000000,L,5,5,1,4,--,0,157,137,20,0.873,4.5,266:47:00,0,0,0,0,0,5,0.873,266.7833333,High,0.2,0.1746,0,1.759444069,Low,0.05988024,0.011305274
Cal Petersen,2023-2024,PHI,5000000,R,5,4,2,2,--,0,132,114,18,0.864,3.9,276:55:00,0,0,0,0,0,5,0.864,276.9166667,High,0.4,0.1728,0,1.741365206,Low,0.05988024,0.011960229
Carey Price,2021-2022,MTL,10500000,L,5,5,1,4,--,0,148,130,18,0.878,3.63,297:30:00,0,0,0,0,0,10.5,0.878,297.5,High,0.095238095,0.083619048,0,2.772373794,Low,0.128834356,0.011511557
J-F Berube,2021-2022,CBJ,750000,L,6,6,3,2,--,0,209,188,21,0.9,4.12,305:53:00,0,0,1,1,0,0.75,0.9,305.8833333,Low,4,1.2,0,1.893982254,Mid-Low,0.009202454,0.011601004
Harri Sateri,2021-2022,ARI,750000,L,6,4,2,2,--,1,157,136,21,0.866,4.22,298:22:00,0,0,0,0,0,0.75,0.866,298.3666667,Low,2.666666667,1.154666667,0,1.424301302,Low,0.009202454,0.012144853
Devin Cooley,2023-2024,SJS,775000,L,6,6,2,3,--,1,192,167,25,0.87,4.98,301:29:00,0,0,0,0,0,0.775,0.87,301.4833333,Low,2.580645161,1.122580645,0,1.502233257,Low,0.009281437,0.012070779
Jiri Patera,2023-2024,VGK,775000,L,6,5,1,3,--,1,196,175,21,0.893,3.98,316:46:00,0,0,0,0,0,0.775,0.893,316.7666667,Low,1.290322581,1.152258065,0,1.909340313,Low,0.009281437,0.011318237
Matt Tomkins,2023-2024,TBL,775000,L,6,6,3,2,--,1,185,165,20,0.892,3.33,360:13:00,0,0,0,0,0,0.775,0.892,360.2166667,Low,3.870967742,1.150967742,0,2.278267182,Mid-Low,0.009281437,0.01242407
Dustin Tokarski,2024-2025,CAR,775000,L,6,6,4,2,--,0,132,119,13,0.902,2.18,358:19:00,1,0,0,0,0,0.775,0.902,358.3166667,Low,5.161290323,1.163870968,1.290322581,2.380381001,Mid-Low,0.008806818,0.012428113
Jaxson Stauber,2024-2025,UTA,775000,L,6,4,2,1,--,1,158,141,17,0.892,3.26,313:11:00,1,0,0,0,0,0.775,0.892,313.1833333,Low,2.580645161,1.150967742,1.290322581,1.866058774,Low,0.008806818,0.011602733
Nico Daws,2024-2025,NJD,812500,L,6,4,3,1,--,0,114,107,7,0.939,1.6,262:51:00,1,0,0,0,0,0.8125,0.939,262.85,Mid-Low,3.692307692,1.155692308,1.230769231,1.987793587,Mid-Low,0.009232955,0.010060625
Dennis Hildeby,2024-2025,TOR,843333,L,6,6,3,3,--,0,156,137,20,0.878,3.33,360:49:00,0,0,0,0,0,0.843333,0.878,360.8166667,Mid-Low,3.557313659,1.041107131,0,2.125756004,Mid-Low,0.00958333,0.012811571
Akira Schmid,2021-2022,NJD,925000,L,6,4,0,4,--,0,114,95,19,0.833,4.83,235:59:00,0,0,0,0,0,0.925,0.833,235.9833333,Mid-Low,0,0.900540541,0,0.507410279,Low,0.011349693,0.011752875
Joel Hofer,2022-2023,STL,925000,L,6,6,3,1,--,1,179,162,17,0.905,3.22,317:12:00,0,0,0,0,0,0.925,0.905,317.2,Mid-Low,3.243243243,0.978378378,0,2.074320861,Mid-Low,0.011212121,0.011591104
Jaxson Stauber,2022-2023,CHI,925000,L,6,6,5,1,--,0,191,174,17,0.911,2.81,363:30:00,0,0,0,0,0,0.925,0.911,363.5,Mid-Low,5.405405405,0.984864865,0,2.551361659,Mid-Low,0.011212121,0.012538289
Mads Sogaard,2023-2024,OTT,925000,L,6,5,1,3,--,0,135,116,19,0.859,4.05,281:34:00,0,0,0,0,0,0.925,0.859,281.5666667,Mid-Low,1.081081081,0.928648649,0,1.215701592,Low,0.011077844,0.011850826
Spencer Martin,2021-2022,VAN,2491667,L,6,6,3,0,--,3,218,207,11,0.95,1.74,378:21:00,0,0,0,0,0,2.491667,0.95,378.35,Mid-High,1.204013217,0.381270852,0,3.339629529,Mid-Low,0.030572601,0.011048475
Ivan Prosvetov,2022-2023,ARI,750000,L,7,7,4,3,--,0,234,206,28,0.88,3.98,422:02:00,0,0,0,0,0,0.75,0.88,422.0333333,Low,5.333333333,1.173333333,0,2.67440978,Mid-Low,0.009090909,0.013736556
Joseph Woll,2022-2023,TOR,766666,L,7,7,6,1,--,0,219,204,15,0.932,2.16,416:26:00,0,0,0,0,0,0.766666,0.932,416.4333333,Low,7.826093762,1.215653231,0,3.244985991,Mid-Low,0.009292921,0.012854149
Zachary Sawchenko,2021-2022,SJS,775000,L,7,3,1,2,--,1,151,136,15,0.901,3.35,268:58:00,0,0,0,0,0,0.775,0.901,268.9666667,Low,1.290322581,1.162580645,0,1.585425307,Low,0.009509202,0.010567974
Devon Levi,2022-2023,BUF,925000,L,7,7,5,2,--,0,222,201,21,0.905,2.94,429:01:00,0,0,0,0,0,0.925,0.905,429.0166667,Mid-Low,5.405405405,0.978378378,0,3.054301799,Mid-Low,0.011212121,0.013431573
Collin Delia,2021-2022,CHI,775000,L,8,6,1,4,--,1,218,196,22,0.899,3.85,343:06:00,0,0,0,0,0,0.775,0.899,343.1,Low,1.290322581,1.16,0,2.211389731,Low,0.009509202,0.011448473
Georgi Romanov,2024-2025,SJS,910000,L,8,6,0,6,--,0,219,192,27,0.877,3.89,416:56:00,0,0,0,0,0,0.91,0.877,416.9333333,Mid-Low,0,0.963736264,0,2.613990846,Low,0.010340909,0.012572425
Pheonix Copley,2023-2024,LAK,1500000,L,8,8,4,1,--,2,177,154,23,0.87,3.16,436:17:00,1,0,0,0,0,1.5,0.87,436.2833333,Mid-High,2.666666667,0.58,0.666666667,2.773852703,Mid-Low,0.017964072,0.01416736
Jet Greaves,2023-2024,CBJ,758333,L,9,8,3,6,--,0,327,297,30,0.908,3.49,515:52:00,0,0,0,0,0,0.758333,0.908,515.8666667,Low,3.956045695,1.197363164,0,3.830362569,Mid-Low,0.009081832,0.013723322
Magnus Chrona,2023-2024,SJS,867500,L,9,8,1,6,--,1,262,225,37,0.859,4.71,471:15:00,0,0,0,0,0,0.8675,0.859,471.25,Mid-Low,1.152737752,0.990201729,0,2.870965225,Low,0.010389222,0.013964542
Anton Khudobin,2021-2022,DAL,900000,L,9,7,3,4,--,1,231,203,28,0.879,3.63,462:28:00,0,0,0,0,0,0.9,0.879,462.4666667,Mid-Low,3.333333333,0.976666667,0,3.035561885,Mid-Low,0.011042945,0.013917096
Ukko-Pekka Luukkonen,2021-2022,BUF,925000,L,9,9,2,5,--,2,277,254,23,0.917,2.74,503:04:00,0,0,0,0,0,0.925,0.917,503.0666667,Mid-Low,2.162162162,0.991351351,0,3.845807931,Low,0.011349693,0.013038652
Devon Levi,2024-2025,BUF,925000,L,9,8,2,7,--,0,258,225,33,0.872,4.12,480:38:00,0,0,0,0,0,0.925,0.872,480.6333333,Mid-Low,2.162162162,0.942702703,0,3.114752359,Low,0.010511364,0.014012716
Spencer Martin,2024-2025,CAR,4500000,L,9,7,3,4,--,1,175,148,27,0.846,3.89,415:59:00,1,0,0,0,0,4.5,0.846,415.9833333,High,0.666666667,0.188,0.222222222,2.684178801,Mid-Low,0.051136364,0.014296749
Erik Kallgren,2022-2023,TOR,750000,L,10,9,3,2,--,4,246,221,25,0.898,2.67,561:40:00,0,0,0,0,0,0.75,0.898,561.6666667,Low,4,1.197333333,0,4.111959235,Mid-Low,0.009090909,0.0145057
Arturs Silovs,2024-2025,VAN,850000,L,10,9,2,6,--,1,238,205,33,0.861,3.65,542:31:00,0,0,0,0,2,0.85,0.861,542.5166667,Mid-Low,2.352941176,1.012941176,0,3.517134532,Low,0.009659091,0.015001518
Eric Comrie,2023-2024,BUF,1800000,L,10,10,2,7,--,0,254,222,32,0.874,3.69,519:54:00,0,0,0,0,0,1.8,0.874,519.9,Mid-High,1.111111111,0.485555556,0,3.591517849,Low,0.021556886,0.014395878
Semyon Varlamov,2024-2025,NYI,2750000,L,10,10,3,4,--,3,262,233,29,0.889,2.89,602:24:00,0,0,0,0,0,2.75,0.889,602.4,Mid-High,1.090909091,0.323272727,0,4.610915275,Mid-Low,0.03125,0.015204418
Jonathan Bernier,2021-2022,NJD,4125000,L,10,8,4,4,--,1,264,238,26,0.902,3.06,510:06:00,0,0,0,0,0,4.125,0.902,510.1,High,0.96969697,0.218666667,0,4.127462462,Mid-Low,0.050613497,0.014119494
Cal Petersen,2022-2023,LAK,5000000,R,10,9,5,3,--,2,257,223,34,0.868,3.75,543:28:00,0,0,0,0,0,5,0.868,543.4666667,High,1,0.1736,0,4.1249626,Mid-Low,0.060606061,0.015713374
Andrew Hammond,2021-2022,NJD,750000,L,11,10,4,5,--,1,314,276,38,0.879,3.89,586:28:00,0,0,0,0,0,0.75,0.879,586.4666667,Low,5.333333333,1.172,0,4.103655865,Mid-Low,0.009202454,0.015596102
Jonas Johansson,2021-2022,FLA,750000,L,11,8,3,4,--,1,264,226,38,0.856,4.69,486:31:00,0,0,0,0,0,0.75,0.856,486.5166667,Low,4,1.141333333,0,2.954515248,Mid-Low,0.009202454,0.014810719
Ivan Prosvetov,2023-2024,COL,775000,L,11,8,4,3,--,1,248,222,26,0.895,3.16,494:11:00,0,0,0,0,0,0.775,0.895,494.1833333,Low,5.161290323,1.15483871,0,3.488004342,Mid-Low,0.009281437,0.014132536
Jet Greaves,2024-2025,CBJ,812500,L,11,11,7,2,--,2,339,318,21,0.938,1.91,660:06:00,2,0,0,0,0,0.8125,0.938,660.1,Mid-Low,8.615384615,1.154461538,2.461538462,5.457485897,Mid-Low,0.009232955,0.015703442
Cayden Primeau,2024-2025,MTL,890000,L,11,7,2,3,--,1,250,209,41,0.836,4.7,523:42:00,0,0,0,0,2,0.89,0.836,523.7,Mid-Low,2.247191011,0.939325843,0,3.060284593,Low,0.010113636,0.015471863
Laurent Brossoit,2022-2023,VGK,1750000,L,11,10,7,0,--,3,317,294,23,0.927,2.17,636:02:00,0,0,0,0,0,1.75,0.927,636.0333333,Mid-High,4,0.529714286,0,5.23256803,Mid-Low,0.021212121,0.015734469
Aaron Dell,2021-2022,BUF,775000,L,12,9,1,8,--,1,354,316,38,0.893,4.03,565:23:00,0,0,0,0,2,0.775,0.893,565.3833333,Low,1.290322581,1.152258065,0,4.088260517,Low,0.009509202,0.014088671
Leevi Meriläinen,2024-2025,OTT,820000,L,12,11,8,3,--,1,295,273,22,0.925,1.99,662:59:00,3,0,0,0,0,0.82,0.925,662.9833333,Mid-Low,9.756097561,1.12804878,3.658536585,5.32929365,Mid-Low,0.009318182,0.016386412
Samuel Ersson,2022-2023,PHI,925000,L,12,10,6,3,--,0,327,294,33,0.899,3.07,644:55:00,1,0,0,0,0,0.925,0.899,644.9166667,Mid-Low,6.486486486,0.971891892,1.081081081,4.875227928,Mid-Low,0.011212121,0.016297864
Cayden Primeau,2021-2022,MTL,966667,L,12,9,1,7,--,1,302,262,40,0.868,4.62,519:13:00,0,0,0,0,0,0.966667,0.868,519.2166667,Mid-Low,1.034482402,0.897930725,0,3.410581618,Low,0.011860945,0.014254244
Stuart Skinner,2021-2022,EDM,750000,L,13,12,6,6,--,0,367,335,32,0.913,2.62,734:09:00,1,0,0,0,0,0.75,0.913,734.15,Low,8,1.217333333,1.333333333,5.801782142,Mid-Low,0.009202454,0.016911411
Yaroslav Askarov,2024-2025,SJS,1775000,R,13,12,4,6,--,2,357,320,37,0.896,3.1,716:48:00,0,0,1,1,0,1.775,0.896,716.8,Mid-High,2.253521127,0.504788732,0,5.575358107,Mid-Low,0.020170455,0.01658604
Ville Husso,2024-2025,ANA,4750000,L,13,11,2,6,--,3,336,299,37,0.89,3.47,639:46:00,0,0,0,0,0,4.75,0.89,639.7666667,High,0.421052632,0.187368421,0,5.19913101,Low,0.053977273,0.015296382
Erik Kallgren,2021-2022,TOR,750000,L,14,12,8,4,--,1,385,342,43,0.888,3.31,779:29:00,1,0,0,0,2,0.75,0.888,779.4833333,Low,10.66666667,1.184,1.333333333,5.902177066,Mid-Low,0.009202454,0.018691056
Justus Annunen,2023-2024,COL,775000,L,14,12,8,4,--,1,414,384,30,0.928,2.25,801:05:00,2,0,0,0,0,0.775,0.928,801.0833333,Low,10.32258065,1.197419355,2.580645161,6.56965692,Mid-Low,0.009281437,0.017843711
Alex Lyon,2022-2023,FLA,750000,L,15,14,9,4,--,2,488,446,43,0.914,2.89,893:11:00,1,0,0,0,0,0.75,0.914,893.1833333,Low,12,1.218666667,1.333333333,7.207454829,Mid-Low,0.009090909,0.019548058
Marcus Hogberg,2024-2025,NYI,775000,L,15,11,2,6,--,3,335,294,41,0.878,3.38,728:13:00,0,0,0,0,0,0.775,0.878,728.2166667,Low,2.580645161,1.132903226,0,5.337211866,Low,0.008806818,0.016608428
Joel Blomqvist,2024-2025,PIT,886667,L,15,12,4,9,--,1,425,376,49,0.885,3.81,772:27:00,0,0,0,0,0,0.886667,0.885,772.45,Mid-Low,4.5112765,0.998119926,0,5.821910838,Mid-Low,0.010075761,0.017505382
Arvid Soderblom,2022-2023,CHI,925000,L,15,13,2,10,--,2,453,405,48,0.894,3.45,835:14:00,0,0,0,0,0,0.925,0.894,835.2333333,Mid-Low,2.162162162,0.966486486,0,6.483813799,Low,0.011212121,0.01736574
Alex Nedeljkovic,2022-2023,DET,3000000,L,15,13,5,7,--,2,466,417,49,0.895,3.53,832:38:00,0,0,0,0,2,3,0.895,832.6333333,Mid-High,1.666666667,0.298333333,0,6.731086554,Mid-Low,0.036363636,0.018201243
Michael Hutchinson,2022-2023,CBJ,750000,R,16,10,2,6,--,3,432,379,54,0.877,4.29,755:27:00,0,0,1,1,0,0.75,0.877,755.45,Low,2.666666667,1.169333333,0,5.560902376,Low,0.009090909,0.016939101
Jakub Dobes,2024-2025,MTL,925000,L,16,15,7,4,--,3,440,400,40,0.909,2.74,874:47:00,1,0,0,0,0,0.925,0.909,874.7833333,Mid-Low,7.567567568,0.982702703,1.081081081,7.008585588,Mid-Low,0.010511364,0.018884574
Pavel Francouz,2022-2023,COL,2000000,R,16,16,8,7,--,1,493,451,42,0.915,2.61,964:32:00,1,0,1,1,0,2,0.915,964.5333333,Mid-High,4,0.4575,0.5,8.000187306,Mid-Low,0.024242424,0.020018713
Frederik Andersen,2023-2024,CAR,3400000,L,16,16,13,2,--,0,410,382,28,0.932,1.84,912:53:00,3,0,1,1,0,3.4,0.932,912.8833333,Mid-High,3.823529412,0.274117647,0.882352941,7.923615184,Mid-High,0.040718563,0.020466867
Dustin Wolf,2023-2024,CGY,827500,L,17,15,7,7,--,1,467,417,50,0.893,3.16,950:30:00,0,0,0,0,0,0.8275,0.893,950.5,Mid-Low,8.459214502,1.079154079,0,7.470023077,Mid-Low,0.00991018,0.020163532
David Rittich,2021-2022,NSH,900000,L,17,12,6,3,--,4,431,382,49,0.886,3.57,822:56:00,0,0,0,0,2,0.9,0.886,822.9333333,Mid-Low,6.666666667,0.984444444,0,6.277891193,Mid-Low,0.011042945,0.018635188
Aleksei Kolosov,2024-2025,PHI,925000,L,17,13,5,9,--,1,406,352,54,0.867,3.59,901:55:00,0,0,0,0,0,0.925,0.867,901.9166667,Mid-Low,5.405405405,0.937297297,0,6.747570728,Mid-Low,0.010511364,0.019734925
Daniil Tarasov,2022-2023,CBJ,1050000,L,17,16,4,11,--,1,528,471,57,0.892,3.91,874:08:00,0,0,1,1,0,1.05,0.892,874.1333333,Mid-Low,3.80952381,0.84952381,0,6.816540287,Mid-Low,0.012727273,0.018448072
Jaroslav Halak,2021-2022,VAN,3000000,L,17,14,4,7,--,2,400,361,39,0.903,2.94,796:39:00,0,0,0,0,2,3,0.903,796.65,Mid-High,1.333333333,0.301,0,6.510734893,Mid-Low,0.036809816,0.017285433
Magnus Hellberg,2022-2023,DET,785000,L,18,14,5,8,--,1,447,397,50,0.888,3.2,936:21:00,0,0,0,0,0,0.785,0.888,936.35,Low,6.369426752,1.131210191,0,7.281339024,Mid-Low,0.009515152,0.019547407
Filip Gustavsson,2021-2022,OTT,787500,L,18,16,5,12,--,1,574,512,62,0.892,3.55,1047:33:00,0,0,0,0,0,0.7875,0.892,1047.55,Mid-Low,6.349206349,1.132698413,0,8.303732752,Mid-Low,0.009662577,0.020677748
Akira Schmid,2022-2023,NJD,925000,L,18,14,9,5,--,2,408,376,32,0.922,2.13,901:21:00,1,0,0,0,0,0.925,0.922,901.35,Mid-Low,9.72972973,0.996756757,1.081081081,7.395816008,Mid-Low,0.011212121,0.019421454
Eric Comrie,2021-2022,WPG,750000,L,19,16,10,5,--,1,550,506,44,0.92,2.58,1024:49:00,1,0,1,1,0,0.75,0.92,1024.816667,Low,13.33333333,1.226666667,1.333333333,8.432371972,Mid-Low,0.009202454,0.02114892
Jonas Johansson,2024-2025,TBL,775000,L,19,18,9,6,--,3,554,496,58,0.895,3.13,1110:15:00,1,0,0,0,0,0.775,0.895,1110.25,Low,11.61290323,1.15483871,1.290322581,8.887320989,Mid-Low,0.008806818,0.022483738
Logan Thompson,2021-2022,VGK,800000,R,19,17,10,5,--,3,569,520,49,0.914,2.68,1097:44:00,1,0,0,0,0,0.8,0.914,1097.733333,Mid-Low,12.5,1.1425,1.25,9.006388292,Mid-Low,0.009815951,0.022124665
Brian Elliott,2021-2022,TBL,900000,L,19,17,11,4,--,3,489,446,43,0.912,2.43,1063:25:00,1,0,0,0,0,0.9,0.912,1063.416667,Mid-Low,12.22222222,1.013333333,1.111111111,8.694320393,Mid-High,0.011042945,0.022093889
Lukas Dostal,2022-2023,ANA,925000,L,19,17,4,10,--,3,679,612,67,0.901,3.78,1062:43:00,0,0,0,0,0,0.925,0.901,1062.716667,Mid-Low,4.324324324,0.974054054,0,8.56065378,Mid-Low,0.011212121,0.020304721
Mads Sogaard,2022-2023,OTT,925000,L,19,17,8,6,--,3,524,466,58,0.889,3.32,1047:30:00,0,0,1,1,0,0.925,0.889,1047.5,Mid-Low,8.648648649,0.961081081,0,8.284773332,Mid-Low,0.011212121,0.021650471
Akira Schmid,2023-2024,NJD,925000,L,19,15,5,9,--,1,457,409,48,0.895,3.15,914:09:00,0,0,2,2,2,0.925,0.895,914.15,Mid-Low,5.405405405,0.967567568,0,7.187329925,Mid-Low,0.011077844,0.019109616
Anthony Stolarz,2022-2023,ANA,1100000,L,19,12,5,6,--,0,494,444,51,0.899,3.73,820:03:00,0,0,0,0,0,1.1,0.899,820.05,Mid-High,4.545454545,0.817272727,0,6.431901745,Mid-Low,0.013333333,0.017952218
Eric Comrie,2022-2023,BUF,1800000,L,19,19,9,9,--,1,594,526,68,0.886,3.67,1111:59:00,1,0,1,1,2,1.8,0.886,1111.983333,Mid-High,5,0.492222222,0.555555556,8.923159248,Mid-Low,0.021818182,0.022747863
Kevin Lankinen,2022-2023,NSH,2000000,L,19,18,9,8,--,1,583,534,49,0.916,2.75,1069:10:00,0,0,0,0,2,2,0.916,1069.166667,Mid-High,4.5,0.458,0,8.929088822,Mid-Low,0.024242424,0.021454708
Spencer Martin,2023-2024,CAR,4500000,L,19,16,7,9,--,2,533,474,59,0.889,3.3,1072:13:00,0,0,0,0,0,4.5,0.889,1072.216667,High,1.555555556,0.197555556,0,8.946215922,Mid-Low,0.053892216,0.021628673
Ville Husso,2023-2024,DET,4750000,L,19,18,9,5,--,2,556,496,60,0.892,3.55,1012:55:00,0,0,1,1,0,4.75,0.892,1012.916667,High,1.894736842,0.187789474,0,8.493236406,Mid-Low,0.056886228,0.021480718
Jon Gillies,2021-2022,NJD,750000,L,20,15,3,10,--,2,550,488,62,0.887,3.7,1004:45:00,0,0,1,1,0,0.75,0.887,1004.75,Low,4,1.182666667,0,7.864577187,Mid-Low,0.009202454,0.019742365
Collin Delia,2022-2023,VAN,775000,L,20,18,10,6,--,2,526,464,62,0.882,3.28,1135:40:00,0,0,1,1,0,0.775,0.882,1135.666667,Low,12.90322581,1.138064516,0,8.955681647,Mid-Low,0.009393939,0.023417805
Felix Sandstrom,2022-2023,PHI,775000,L,20,18,3,12,--,3,575,506,69,0.88,3.72,1112:51:00,0,0,0,0,0,0.775,0.88,1112.85,Low,3.870967742,1.135483871,0,8.731959216,Mid-Low,0.009393939,0.021137373
Eric Comrie,2024-2025,WPG,825000,L,20,20,9,10,--,1,547,500,47,0.914,2.39,1179:33:00,2,0,0,0,0,0.825,0.914,1179.55,Mid-Low,10.90909091,1.107878788,2.424242424,9.726554591,Mid-Low,0.009375,0.022739155
Daniil Tarasov,2024-2025,CBJ,1050000,L,20,19,7,10,--,2,544,479,65,0.881,3.54,1100:25:00,1,0,1,1,0,1.05,0.881,1100.416667,Mid-Low,6.666666667,0.839047619,0.952380952,8.669084899,Mid-Low,0.011931818,0.022160525
Dan Vladar,2023-2024,CGY,2200000,L,20,19,8,9,--,2,574,506,68,0.882,3.62,1128:31:00,0,0,0,0,0,2.2,0.882,1128.516667,Mid-High,3.636363636,0.400909091,0,9.070324212,Mid-Low,0.026347305,0.022743679
Petr Mrazek,2021-2022,TOR,3800000,L,20,18,12,6,--,0,520,462,58,0.888,3.34,1042:07:00,0,0,0,0,0,3.8,0.888,1042.116667,High,3.157894737,0.233684211,0,8.58343976,Mid-High,0.046625767,0.022806586
Matt Murray,2021-2022,OTT,6250000,L,20,20,5,12,--,2,640,580,60,0.906,3.05,1181:31:00,1,0,0,0,0,6.25,0.906,1181.516667,High,0.8,0.14496,0.16,10.32378686,Mid-Low,0.076687117,0.021789776
David Rittich,2022-2023,WPG,875000,L,21,18,9,8,--,1,506,456,50,0.901,2.67,1121:41:00,0,0,0,0,2,0.875,0.901,1121.683333,Mid-Low,10.28571429,1.029714286,0,9.071226742,Mid-Low,0.010606061,0.022447938
Nico Daws,2023-2024,NJD,925000,L,21,20,9,11,--,0,568,508,60,0.894,3.15,1144:03:00,0,0,1,1,0,0.925,0.894,1144.05,Mid-Low,9.72972973,0.966486486,0,9.190337394,Mid-Low,0.011077844,0.022887586
Scott Wedgewood,2022-2023,DAL,1000000,L,21,18,9,8,--,3,603,552,51,0.915,2.72,1126:46:00,1,0,0,0,0,1,0.915,1126.766667,Mid-Low,9,0.915,1,9.29760322,Mid-Low,0.012121212,0.022123769
Thomas Greiss,2022-2023,STL,1250000,L,21,16,7,10,--,0,626,561,66,0.896,3.64,1089:21:00,1,0,0,0,0,1.25,0.896,1089.35,Mid-High,5.6,0.7168,0.8,8.775128429,Mid-Low,0.015151515,0.021629189
Pavel Francouz,2021-2022,COL,2000000,R,21,18,15,5,--,1,608,557,51,0.916,2.55,1200:09:00,2,0,0,0,0,2,0.916,1200.15,Mid-High,7.5,0.458,1,10.0770498,Mid-High,0.024539877,0.024697661
Spencer Knight,2022-2023,FLA,2497667,L,21,19,9,8,--,3,627,565,62,0.901,3.18,1168:45:00,1,0,1,1,0,2.497667,0.901,1168.75,Mid-High,3.603362658,0.360736639,0.400373629,9.685628539,Mid-Low,0.030274752,0.02297242
Martin Jones,2023-2024,TOR,875000,L,22,19,11,8,--,1,574,518,56,0.902,2.87,1169:40:00,2,0,0,0,0,0.875,0.902,1169.666667,Mid-Low,12.57142857,1.030857143,2.285714286,9.503637692,Mid-High,0.010479042,0.023549885
Brian Elliott,2022-2023,TBL,900000,L,22,22,12,8,--,2,689,614,75,0.891,3.4,1324:44:00,2,0,1,1,0,0.9,0.891,1324.733333,Mid-Low,13.33333333,0.99,2.222222222,10.73513755,Mid-High,0.010909091,0.025874292
Joonas Korpisalo,2021-2022,CBJ,1300000,L,22,17,7,11,--,0,634,556,78,0.877,4.15,1128:29:00,0,0,0,0,2,1.3,0.877,1128.483333,Mid-High,5.384615385,0.674615385,0,8.898666192,Mid-Low,0.01595092,0.022582087
Connor Ingram,2024-2025,UTA,1950000,L,22,22,9,8,--,4,558,492,66,0.882,3.27,1210:07:00,0,0,2,2,4,1.95,0.882,1210.116667,Mid-High,4.615384615,0.452307692,0,9.754374577,Mid-Low,0.022159091,0.023950206
Mackenzie Blackwood,2022-2023,NJD,2800000,L,22,20,10,6,--,2,563,503,60,0.893,3.2,1125:33:00,0,0,0,0,2,2.8,0.893,1125.55,Mid-High,3.571428571,0.318928571,0,9.249621488,Mid-Low,0.033939394,0.02300586
Frederik Andersen,2024-2025,CAR,3400000,L,22,22,13,8,--,1,546,491,55,0.899,2.5,1319:31:00,1,0,1,1,0,3.4,0.899,1319.516667,Mid-High,3.823529412,0.264411765,0.294117647,11.09549427,Mid-High,0.038636364,0.025895777
Dan Vladar,2021-2022,CGY,750000,L,23,19,13,6,--,2,608,551,57,0.906,2.75,1243:08:00,2,0,1,1,0,0.75,0.906,1243.133333,Low,17.33333333,1.208,2.666666667,10.17946559,Mid-High,0.009202454,0.0248542
Calvin Pickard,2023-2024,EDM,762500,L,23,20,12,7,--,1,581,528,53,0.909,2.45,1296:21:00,1,0,0,0,2,0.7625,0.909,1296.35,Low,15.73770492,1.192131148,1.31147541,10.68305086,Mid-High,0.009131737,0.025068386
Cayden Primeau,2023-2024,MTL,890000,L,23,21,8,9,--,4,731,665,66,0.91,2.99,1324:50:00,2,0,2,2,2,0.89,0.91,1324.833333,Mid-Low,8.988764045,1.02247191,2.247191011,10.96042464,Mid-Low,0.010658683,0.024169683
Devon Levi,2023-2024,BUF,925000,L,23,21,10,8,--,2,666,599,67,0.899,3.1,1294:54:00,0,0,0,0,0,0.925,0.899,1294.9,Mid-Low,10.81081081,0.971891892,0,10.57179621,Mid-Low,0.011077844,0.024729787
Laurent Brossoit,2023-2024,WPG,1750000,L,23,22,15,5,--,2,620,575,45,0.927,2,1351:02:00,3,0,0,0,2,1.75,0.927,1351.033333,Mid-High,8.571428571,0.529714286,1.714285714,11.49895381,Mid-High,0.020958084,0.026079802
Semyon Varlamov,2022-2023,NYI,5000000,L,23,22,11,9,--,2,689,629,60,0.913,2.7,1334:44:00,2,0,0,0,0,5,0.913,1334.733333,High,2.2,0.1826,0.4,11.59420876,Mid-High,0.060606061,0.025090077
Thatcher Demko,2024-2025,VAN,5000000,L,23,23,10,8,--,3,569,506,63,0.889,2.9,1301:58:00,1,0,0,0,0,5,0.889,1301.966667,High,2,0.1778,0.2,11.02199812,Mid-Low,0.056818182,0.025080545
Antti Raanta,2023-2024,CAR,150000,L,24,20,12,7,--,2,493,430,63,0.872,2.99,1265:11:00,1,0,0,0,0,0.15,0.872,1265.183333,Low,80,5.813333333,6.666666667,9.89425677,Mid-High,0.001796407,0.025727523
Laurent Brossoit,2021-2022,VGK,235000,L,24,21,10,9,--,3,588,526,62,0.895,2.9,1281:26:00,1,0,0,0,0,0.235,0.895,1281.433333,Low,42.55319149,3.808510638,4.255319149,10.32041204,Mid-Low,0.002883436,0.024688527
Kevin Lankinen,2023-2024,NSH,875000,L,24,17,11,6,--,0,610,554,56,0.908,2.82,1191:25:00,1,0,1,1,0,0.875,0.908,1191.416667,Mid-Low,12.57142857,1.037714286,1.142857143,9.765517971,Mid-High,0.010479042,0.023629048
David Rittich,2023-2024,LAK,875000,L,24,22,13,6,--,3,621,572,49,0.921,2.15,1364:31:00,3,0,0,0,0,0.875,0.921,1364.516667,Mid-Low,14.85714286,1.052571429,3.428571429,11.4369923,Mid-High,0.010479042,0.025798807
Pyotr Kochetkov,2022-2023,CAR,925000,L,24,23,12,7,--,5,627,570,57,0.909,2.44,1403:56:00,4,0,0,0,0,0.925,0.909,1403.933333,Mid-Low,12.97297297,0.982702703,4.324324324,11.64614928,Mid-High,0.011212121,0.026267229
James Reimer,2024-2025,BUF,1000000,L,24,21,10,10,--,2,662,594,69,0.897,3.04,1362:50:00,1,0,0,0,0,1,0.897,1362.833333,Mid-Low,10,0.897,1,11.15275466,Mid-Low,0.011363636,0.025541197
Daniil Tarasov,2023-2024,CBJ,1050000,L,24,23,8,11,--,3,796,723,73,0.908,3.18,1376:28:00,0,0,0,0,0,1.05,0.908,1376.466667,Mid-Low,7.619047619,0.864761905,0,11.4091032,Mid-Low,0.01257485,0.024799456
Jonathan Quick,2024-2025,NYR,1275000,L,24,20,11,7,--,2,657,587,70,0.893,3.17,1325:41:00,3,0,1,1,2,1.275,0.893,1325.683333,Mid-High,8.62745098,0.700392157,2.352941176,10.81387625,Mid-High,0.014488636,0.02553325
Scott Wedgewood,2024-2025,COL,1500000,L,24,22,14,6,--,2,578,525,53,0.908,2.32,1373:05:00,2,0,0,0,0,1.5,0.908,1373.083333,Mid-High,9.333333333,0.605333333,1.333333333,11.43544257,Mid-High,0.017045455,0.026545108
Braden Holtby,2021-2022,DAL,2000000,L,24,22,10,10,--,1,700,639,61,0.913,2.78,1318:28:00,0,0,0,0,2,2,0.913,1318.466667,Mid-High,5,0.4565,0,11.07836815,Mid-Low,0.024539877,0.024611585
Joseph Woll,2023-2024,TOR,766666,L,25,23,12,11,--,1,772,700,72,0.907,2.94,1471:39:00,0,0,0,0,0,0.766666,0.907,1471.65,Low,15.65218752,1.183044507,0,12.19617611,Mid-High,0.009181629,0.027076225
Adin Hill,2021-2022,SJS,800000,L,25,22,10,11,--,1,648,587,61,0.906,2.66,1375:57:00,2,0,2,2,0,0.8,0.906,1375.95,Mid-Low,12.5,1.1325,2.5,11.3497155,Mid-Low,0.009815951,0.025442552
Nico Daws,2021-2022,NJD,925000,L,25,23,10,11,--,1,617,551,66,0.893,3.11,1271:32:00,0,0,0,0,0,0.925,0.893,1271.533333,Mid-Low,10.81081081,0.965405405,0,10.29574718,Mid-Low,0.011349693,0.02463261
Jaroslav Halak,2022-2023,NYR,1500000,L,25,24,10,9,--,5,680,614,66,0.903,2.72,1453:56:00,1,0,1,1,0,1.5,0.903,1453.933333,Mid-High,6.666666667,0.602,0.666666667,12.08464332,Mid-Low,0.018181818,0.026393154
James Reimer,2023-2024,DET,1500000,L,25,20,11,8,--,2,727,657,70,0.904,3.11,1352:24:00,2,0,0,0,4,1.5,0.904,1352.4,Mid-High,7.333333333,0.602666667,1.333333333,11.2066639,Mid-High,0.017964072,0.025531753
Mackenzie Blackwood,2021-2022,NJD,2800000,L,25,24,9,10,--,4,731,652,79,0.892,3.39,1399:03:00,2,0,0,0,0,2.8,0.892,1399.05,Mid-High,3.214285714,0.318571429,0.714285714,11.63474703,Mid-Low,0.034355828,0.025783554
Vitek Vanecek,2024-2025,FLA,3400000,L,25,24,5,14,--,4,724,640,84,0.884,3.62,1393:38:00,1,0,1,1,0,3.4,0.884,1393.633333,Mid-High,1.470588235,0.26,0.294117647,11.56691714,Mid-Low,0.038636364,0.0247519
Jonas Johansson,2023-2024,TBL,775000,L,26,24,12,7,--,5,752,669,83,0.89,3.37,1477:29:00,2,0,0,0,0,0.775,0.89,1477.483333,Low,15.48387097,1.148387097,2.580645161,12.04643565,Mid-High,0.009281437,0.027603646
Casey DeSmith,2021-2022,PIT,1250000,L,26,24,11,6,--,5,769,703,66,0.914,2.79,1418:09:00,3,0,0,0,0,1.25,0.914,1418.15,Mid-High,8.8,0.7312,2.4,11.87056783,Mid-High,0.015337423,0.02599242
Craig Anderson,2022-2023,BUF,1500000,L,26,24,11,11,--,2,823,747,76,0.908,3.06,1490:02:00,1,0,1,1,2,1.5,0.908,1490.033333,Mid-High,7.333333333,0.605333333,0.666666667,12.46041295,Mid-High,0.018181818,0.026956651
Marc-Andre Fleury,2024-2025,MIN,2500000,L,26,22,14,9,--,1,670,602,68,0.899,2.93,1390:16:00,1,0,0,0,2,2.5,0.899,1390.266667,Mid-High,5.6,0.3596,0.4,11.60357671,Mid-High,0.028409091,0.026981398
Ivan Fedotov,2024-2025,PHI,3275000,L,26,24,6,13,--,4,624,549,75,0.88,3.15,1429:01:00,0,0,0,0,0,3.275,0.88,1429.016667,Mid-High,1.832061069,0.26870229,0,11.8139634,Mid-Low,0.037215909,0.02555222
Carter Hart,2023-2024,PHI,3979000,L,26,25,12,9,--,3,727,659,68,0.906,2.8,1455:11:00,1,0,1,1,0,3.979,0.906,1455.183333,High,3.015833124,0.227695401,0.251319427,12.43967923,Mid-High,0.047652695,0.026919932
Philipp Grubauer,2024-2025,SEA,5900000,L,26,26,8,17,--,1,681,596,85,0.875,3.49,1460:29:00,0,0,0,0,0,5.9,0.875,1460.483333,High,1.355932203,0.148305085,0,12.35697702,Mid-Low,0.067045455,0.026633322
Matt Murray,2022-2023,TOR,6250000,L,26,26,14,8,--,2,761,687,74,0.903,3.01,1473:10:00,1,0,0,0,0,6.25,0.903,1473.166667,High,2.24,0.14448,0.16,12.84422904,Mid-High,0.075757576,0.027796381
Antti Raanta,2022-2023,CAR,150000,L,27,26,19,3,--,3,644,586,58,0.91,2.23,1561:13:00,4,0,0,0,0,0.15,0.91,1561.216667,Low,126.6666667,6.066666667,26.66666667,12.94005485,Mid-High,0.001818182,0.030073278
Dan Vladar,2022-2023,CGY,750000,L,27,23,14,6,--,5,667,597,72,0.895,2.91,1483:55:00,0,0,0,0,2,0.75,0.895,1483.916667,Low,18.66666667,1.193333333,0,12.15909075,Mid-High,0.009090909,0.028133781
Alex Stalock,2022-2023,CHI,800000,L,27,24,9,15,--,2,804,730,74,0.908,3.01,1475:20:00,2,0,0,0,16,0.8,0.908,1475.333333,Mid-Low,11.25,1.135,2.5,12.24448167,Mid-Low,0.00969697,0.026198392
Jonathan Quick,2023-2024,NYR,825000,L,27,26,18,6,--,2,771,702,69,0.911,2.62,1582:44:00,2,0,1,1,8,0.825,0.911,1582.733333,Mid-Low,21.81818182,1.104242424,2.424242424,13.22449453,Mid-High,0.00988024,0.02998862
Casey DeSmith,2024-2025,DAL,1000000,L,27,24,14,8,--,2,761,696,65,0.915,2.59,1504:30:00,2,0,1,1,2,1,0.915,1504.5,Mid-Low,14,0.915,2,12.60812461,Mid-High,0.011363636,0.027819128
Anthony Stolarz,2023-2024,FLA,1100000,L,27,24,16,7,--,2,684,633,51,0.925,2.03,1506:27:00,2,0,2,2,2,1.1,0.925,1506.45,Mid-High,14.54545455,0.840909091,1.818181818,12.75642306,Mid-High,0.013173653,0.028163299
Connor Ingram,2022-2023,ARI,1950000,L,27,26,6,13,--,8,960,871,89,0.907,3.37,1586:40:00,1,0,0,0,2,1.95,0.907,1586.666667,Mid-High,3.076923077,0.465128205,0.512820513,13.35143941,Mid-Low,0.023636364,0.026574547
Adin Hill,2022-2023,VGK,2175000,L,27,25,16,7,--,1,721,660,62,0.915,2.5,1490:54:00,0,0,1,1,2,2.175,0.915,1490.9,Mid-High,7.356321839,0.420689655,0,12.63513185,Mid-High,0.026363636,0.02826203
Chris Driedger,2021-2022,SEA,3500000,L,27,24,9,14,--,1,722,649,73,0.899,2.96,1478:24:00,1,0,0,0,4,3.5,0.899,1478.4,Mid-High,2.571428571,0.256857143,0.285714286,12.50041831,Mid-Low,0.042944785,0.026477375
Joonas Korpisalo,2024-2025,BOS,4000000,L,27,24,11,10,--,3,693,619,74,0.893,2.9,1529:42:00,3,0,0,0,0,4,0.893,1529.7,High,2.75,0.22325,0.75,12.94097386,Mid-High,0.045454545,0.027806688
Anthony Stolarz,2021-2022,ANA,950000,L,28,23,12,8,--,3,809,742,67,0.917,2.67,1506:25:00,3,0,1,1,2,0.95,0.917,1506.416667,Mid-Low,12.63157895,0.965263158,3.157894737,12.64245448,Mid-High,0.011656442,0.027191633
Antti Raanta,2021-2022,CAR,2000000,L,28,26,15,5,--,4,706,644,62,0.912,2.45,1516:38:00,2,0,0,0,0,2,0.912,1516.633333,Mid-High,7.5,0.456,1,12.80325911,Mid-High,0.024539877,0.028333164
Mike Smith,2021-2022,EDM,2200000,L,28,27,16,9,--,2,874,800,74,0.915,2.81,1579:58:00,2,0,1,1,6,2.2,0.915,1579.966667,Mid-High,7.272727273,0.415909091,0.909090909,13.41883842,Mid-High,0.026993865,0.029254535
Anton Forsberg,2022-2023,OTT,2750000,L,28,25,11,11,--,2,817,737,80,0.902,3.26,1471:43:00,2,0,0,0,2,2.75,0.902,1471.716667,Mid-High,4,0.328,0.727272727,12.38415495,Mid-High,0.033333333,0.026915748
Semyon Varlamov,2023-2024,NYI,2750000,L,28,27,14,8,--,4,837,768,69,0.918,2.6,1594:44:00,3,0,0,0,0,2.75,0.918,1594.733333,Mid-High,5.090909091,0.333818182,1.090909091,13.65231987,Mid-High,0.032934132,0.028743031
Dustin Tokarski,2021-2022,BUF,775000,L,29,28,10,12,--,5,900,809,91,0.899,3.27,1671:26:00,1,0,0,0,0,0.775,0.899,1671.433333,Low,12.90322581,1.16,1.290322581,13.85313675,Mid-Low,0.009509202,0.028925647
Casey DeSmith,2023-2024,VAN,1800000,L,29,27,12,9,--,6,759,680,80,0.896,2.89,1663:29:00,1,0,1,1,0,1.8,0.896,1663.483333,Mid-High,6.666666667,0.497777778,0.555555556,13.87536802,Mid-High,0.021556886,0.029513111
Ilya Samsonov,2024-2025,VGK,1800000,L,29,29,16,9,--,4,752,670,82,0.891,2.82,1745:22:00,2,0,1,1,4,1.8,0.891,1745.366667,Mid-High,8.888888889,0.495,1.111111111,14.53362508,Mid-High,0.020454545,0.031750477
Spencer Martin,2022-2023,VAN,2491667,L,29,27,11,15,--,1,830,723,107,0.871,3.99,1610:11:00,0,0,0,0,0,2.491667,0.871,1610.183333,Mid-High,4.414715128,0.349565171,0,13.19738412,Mid-High,0.030202024,0.029301969
John Gibson,2024-2025,ANA,6400000,L,29,28,11,11,--,2,811,740,72,0.912,2.77,1562:09:00,0,0,1,1,4,6.4,0.912,1562.15,High,1.71875,0.1425,0,13.74964764,Mid-High,0.072727273,0.027651471
Joel Hofer,2023-2024,STL,775000,L,30,27,15,12,--,1,830,759,72,0.914,2.65,1628:39:00,1,0,1,1,4,0.775,0.914,1628.65,Low,19.35483871,1.179354839,1.290322581,13.65632472,Mid-High,0.009281437,0.029527008
Alex Lyon,2024-2025,DET,900000,L,30,26,14,9,--,1,705,632,73,0.896,2.81,1559:38:00,1,0,0,0,2,0.9,0.896,1559.633333,Mid-Low,15.55555556,0.995555556,1.111111111,12.85322535,Mid-High,0.010227273,0.028950321
Dan Vladar,2024-2025,CGY,2200000,L,30,29,12,11,--,6,810,727,83,0.898,2.8,1781:02:00,2,0,1,1,2,2.2,0.898,1781.033333,Mid-High,5.454545455,0.408181818,0.909090909,14.97912028,Mid-High,0.025,0.030768615
Anton Forsberg,2023-2024,OTT,2750000,L,30,28,15,12,--,0,765,681,84,0.89,3.21,1569:45:00,2,0,1,1,2,2.75,0.89,1569.75,Mid-High,5.454545455,0.323636364,0.727272727,13.10081743,Mid-High,0.032934132,0.029523487
Anton Forsberg,2024-2025,OTT,2750000,L,30,27,11,12,--,3,768,692,76,0.901,2.72,1676:32:00,3,0,0,0,0,2.75,0.901,1676.533333,Mid-High,4,0.327636364,1.090909091,14.16732768,Mid-High,0.03125,0.029225302
Elvis Merzlikins,2022-2023,CBJ,5400000,L,30,27,7,18,--,2,889,779,110,0.876,4.23,1560:12:00,0,0,1,1,4,5.4,0.876,1560.2,High,1.296296296,0.162222222,0,13.18057523,Mid-Low,0.065454545,0.027420077
Craig Anderson,2021-2022,BUF,750000,L,31,31,17,12,--,2,945,848,97,0.897,3.12,1867:15:00,0,0,1,1,0,0.75,0.897,1867.25,Low,22.66666667,1.196,0,15.54244467,Mid-High,0.009202454,0.033242691
Joel Hofer,2024-2025,STL,775000,L,31,28,16,8,--,3,767,693,74,0.904,2.64,1678:49:00,1,0,1,1,2,0.775,0.904,1678.816667,Low,20.64516129,1.166451613,1.290322581,13.97722846,Mid-High,0.008806818,0.030655271
Charlie Lindgren,2022-2023,WSH,1100000,R,31,26,13,11,--,3,853,767,86,0.899,3.05,1692:04:00,0,0,1,1,0,1.1,0.899,1692.066667,Mid-High,11.81818182,0.817272727,0,14.07440922,Mid-High,0.013333333,0.030047249
Thomas Greiss,2021-2022,DET,3600000,L,31,28,10,15,--,1,842,750,92,0.891,3.66,1507:44:00,0,0,1,1,2,3.6,0.891,1507.733333,High,2.777777778,0.2475,0,12.67493075,Mid-Low,0.044171779,0.027319082
Jake Allen,2024-2025,NJD,3850000,L,31,29,13,16,--,1,819,744,77,0.908,2.66,1738:10:00,4,0,0,0,0,3.85,0.908,1738.166667,High,3.376623377,0.235844156,1.038961039,14.9274972,Mid-High,0.04375,0.03031615
Semyon Varlamov,2021-2022,NYI,5000000,L,31,29,10,17,--,2,978,891,87,0.911,2.91,1792:17:00,2,0,0,0,0,5,0.911,1792.283333,High,2,0.1822,0.4,15.5805043,Mid-Low,0.061349693,0.029945913
Arvid Soderblom,2023-2024,CHI,962500,L,32,29,5,22,--,2,942,829,114,0.88,3.92,1744:20:00,0,0,0,0,0,0.9625,0.88,1744.333333,Mid-Low,5.194805195,0.914285714,0,14.28972003,Mid-Low,0.011526946,0.028768692
Scott Wedgewood,2023-2024,DAL,1000000,L,32,28,16,7,--,5,844,759,85,0.899,2.85,1789:08:00,0,0,0,0,0,1,0.899,1789.133333,Mid-Low,16,0.899,0,14.91267601,Mid-High,0.011976048,0.032020578
Kevin Lankinen,2021-2022,CHI,1500000,L,32,29,8,15,--,6,973,867,106,0.891,3.5,1815:35:00,0,0,1,1,0,1.5,0.891,1815.583333,Mid-High,5.333333333,0.594,0,15.11168864,Mid-Low,0.018404908,0.030155124
Spencer Knight,2021-2022,FLA,2497667,L,32,27,19,9,--,3,876,795,81,0.908,2.79,1740:14:00,2,0,0,0,0,2.497667,0.908,1740.233333,Mid-High,7.607098945,0.363539255,0.800747257,14.77734504,Mid-High,0.030646221,0.032122534
Vitek Vanecek,2023-2024,NJD,3400000,L,32,29,17,9,--,3,862,767,95,0.89,3.18,1791:49:00,0,0,1,1,0,3.4,0.89,1791.816667,Mid-High,5,0.261764706,0,15.12792538,Mid-High,0.040718563,0.032592515
Thatcher Demko,2022-2023,VAN,5000000,L,32,32,14,14,--,4,1005,906,99,0.901,3.16,1878:31:00,1,0,1,1,4,5,0.901,1878.516667,High,2.8,0.1802,0.2,16.21750265,Mid-High,0.060606061,0.032367759
Ukko-Pekka Luukkonen,2022-2023,BUF,837500,L,33,32,17,11,--,4,1054,940,115,0.892,3.61,1910:13:00,0,0,1,1,2,0.8375,0.892,1910.216667,Mid-Low,20.29850746,1.065074627,0,15.87051646,Mid-High,0.010151515,0.033857491
Alexandar Georgiev,2021-2022,NYR,2425000,L,33,28,15,10,--,2,832,747,85,0.898,2.92,1746:06:00,2,0,0,0,0,2.425,0.898,1746.1,Mid-High,6.18556701,0.370309278,0.824742268,14.70095415,Mid-High,0.029754601,0.031271016
Darcy Kuemper,2023-2024,WSH,5250000,L,33,30,13,14,--,3,940,837,103,0.89,3.31,1866:32:00,1,0,1,1,0,5.25,0.89,1866.533333,High,2.476190476,0.16952381,0.19047619,16.01294267,Mid-High,0.062874251,0.03223621
Justus Annunen,2024-2025,NSH,837500,L,34,29,15,15,--,1,814,719,95,0.883,3.18,1789:49:00,0,0,0,0,0,0.8375,0.883,1789.816667,Mid-Low,17.91044776,1.054328358,0,14.7084205,Mid-High,0.009517045,0.032166184
David Rittich,2024-2025,LAK,1000000,L,34,31,16,14,--,2,771,684,88,0.887,2.84,1860:28:00,0,0,0,0,2,1,0.887,1860.466667,Mid-Low,16,0.887,0,15.39533498,Mid-High,0.011363636,0.033141886
Anthony Stolarz,2024-2025,TOR,2500000,L,34,33,21,8,--,3,955,884,71,0.926,2.14,1986:54:00,4,0,1,1,0,2.5,0.926,1986.9,Mid-High,8.4,0.3704,1.6,17.15324374,High,0.028409091,0.03497607
Jake Allen,2023-2024,NJD,3850000,L,34,33,12,18,--,4,1087,973,114,0.895,3.44,1986:53:00,0,0,1,1,2,3.85,0.895,1986.883333,High,3.116883117,0.232467532,0,16.95289834,Mid-High,0.046107784,0.033144086
Frederik Andersen,2022-2023,CAR,4500000,L,34,33,21,11,--,1,849,767,82,0.903,2.48,1984:21:00,1,0,1,1,0,4.5,0.903,1984.35,High,4.666666667,0.200666667,0.222222222,17.10658498,High,0.054545455,0.035573279
Martin Jones,2021-2022,PHI,2000000,L,35,33,12,18,--,3,1141,1027,114,0.9,3.42,1997:08:00,0,0,0,0,0,2,0.9,1997.133333,Mid-High,6,0.45,0,16.87192673,Mid-High,0.024539877,0.033122301
Jake Allen,2021-2022,MTL,2875000,L,35,35,9,20,--,4,1123,1016,107,0.905,3.3,1947:40:00,2,0,0,0,2,2.875,0.905,1947.666667,Mid-High,3.130434783,0.314782609,0.695652174,16.60664741,Mid-Low,0.035276074,0.031543392
Adin Hill,2023-2024,VGK,4900000,L,35,35,19,12,--,2,979,890,89,0.909,2.71,1968:49:00,2,0,1,1,0,4.9,0.909,1968.816667,High,3.87755102,0.185510204,0.408163265,17.09147779,Mid-High,0.058682635,0.034642527
Kaapo Kahkonen,2021-2022,SJS,725000,L,36,33,14,14,--,4,1056,963,93,0.912,2.87,1946:57:00,0,0,1,1,2,0.725,0.912,1946.95,Low,19.31034483,1.257931034,0,16.41598749,Mid-High,0.008895706,0.032831127
Arvid Soderblom,2024-2025,CHI,962500,L,36,33,10,18,--,7,1087,976,111,0.898,3.18,2096:30:00,0,0,0,0,0,0.9625,0.898,2096.5,Mid-Low,10.38961039,0.932987013,0,17.58994901,Mid-Low,0.0109375,0.033689534
Calvin Pickard,2024-2025,EDM,1000000,L,36,31,22,10,--,1,849,764,85,0.9,2.71,1881:43:00,0,0,1,1,0,1,0.9,1881.716667,Mid-Low,22,0.9,0,15.7359692,High,0.011363636,0.034808424
Cam Talbot,2022-2023,OTT,2000000,L,36,32,17,14,--,2,935,840,95,0.898,2.93,1947:00:00,1,0,0,0,0,2,0.898,1947,Mid-High,8.5,0.449,0.5,16.40879623,Mid-High,0.024242424,0.034104176
Jack Campbell,2022-2023,EDM,5000000,L,36,34,21,9,--,4,1027,912,115,0.888,3.41,2026:23:00,1,0,1,1,2,5,0.888,2026.383333,High,4.2,0.1776,0.2,17.35903665,High,0.060606061,0.036449688
Tristan Jarry,2024-2025,PIT,5375000,L,36,35,16,12,--,6,971,867,105,0.893,3.12,2019:54:00,2,0,1,1,2,5.375,0.893,2019.9,High,2.976744186,0.166139535,0.372093023,17.40825804,Mid-High,0.061079545,0.034755309
Philipp Grubauer,2023-2024,SEA,5900000,L,36,34,14,16,--,2,941,846,95,0.899,2.85,1996:36:00,2,0,1,1,4,5.9,0.899,1996.6,High,2.372881356,0.152372881,0.338983051,17.34063561,Mid-High,0.070658683,0.03373801
Scott Wedgewood,2021-2022,DAL,525000,L,37,32,13,15,--,6,1218,1108,110,0.91,3.14,2103:08:00,1,0,0,0,0,0.525,0.91,2103.133333,Low,24.76190476,1.733333333,1.904761905,17.73616743,Mid-High,0.006441718,0.034328716
Logan Thompson,2022-2023,VGK,766667,R,37,36,21,13,--,3,1132,1036,96,0.915,2.65,2171:22:00,2,0,0,0,2,0.766667,0.915,2171.366667,Low,27.39129244,1.193477742,2.608694518,18.4236288,High,0.009292933,0.037330866
Cal Petersen,2021-2022,LAK,858333,R,37,35,20,14,--,2,1002,897,105,0.895,2.89,2176:30:00,3,0,0,0,2,0.858333,0.895,2176.5,Mid-Low,23.30097992,1.042718852,3.495146988,18.24249232,Mid-High,0.010531693,0.037634865
Pheonix Copley,2022-2023,LAK,1500000,L,37,35,24,6,--,3,947,855,92,0.903,2.64,2089:29:00,1,0,1,1,19,1.5,0.903,2089.483333,Mid-High,16,0.602,0.666666667,17.65471533,High,0.018181818,0.037636498
Kaapo Kahkonen,2022-2023,SJS,2750000,L,37,37,9,20,--,7,1149,1014,135,0.883,3.85,2106:15:00,1,0,0,0,0,2.75,0.883,2106.25,Mid-High,3.272727273,0.321090909,0.363636364,17.71966178,Mid-Low,0.033333333,0.033908972
Kaapo Kahkonen,2023-2024,NJD,2750000,L,37,33,7,24,--,3,1139,1023,116,0.898,3.64,1914:13:00,1,0,1,1,4,2.75,0.898,1914.216667,Mid-High,2.545454545,0.326545455,0.363636364,16.2147965,Mid-Low,0.032934132,0.030766602
Jeremy Swayman,2022-2023,BOS,3475000,L,37,33,24,6,--,4,953,877,76,0.92,2.27,2012:59:00,4,0,0,0,2,3.475,0.92,2012.983333,Mid-High,6.90647482,0.264748201,1.151079137,17.43189813,High,0.042121212,0.03632161
Jordan Binnington,2021-2022,STL,6000000,L,37,37,18,14,--,4,1135,1023,112,0.901,3.13,2144:57:00,2,0,0,0,14,6,0.901,2144.95,High,3,0.150166667,0.333333333,18.67699682,Mid-High,0.073619632,0.036525633
Sam Montembeault,2021-2022,MTL,750000,L,38,30,8,18,--,6,1124,1002,122,0.891,3.77,1942:49:00,1,0,0,0,0,0.75,0.891,1942.816667,Low,10.66666667,1.188,1.333333333,16.13346478,Mid-Low,0.009202454,0.031572936
Alex Nedeljkovic,2023-2024,PIT,1500000,L,38,33,18,7,--,7,1039,937,102,0.902,2.97,2060:28:00,1,0,0,0,0,1.5,0.902,2060.466667,Mid-High,12,0.601333333,0.666666667,17.38853158,Mid-High,0.017964072,0.035557001
Casey DeSmith,2022-2023,PIT,1800000,L,38,33,15,16,--,4,1142,1033,109,0.905,3.17,2065:57:00,0,0,0,0,2,1.8,0.905,2065.95,Mid-High,8.333333333,0.502777778,0,17.50954587,Mid-High,0.021818182,0.034644824
Alex Nedeljkovic,2024-2025,PIT,2500000,L,38,35,14,15,--,5,1054,942,112,0.894,3.12,2150:51:00,1,1,2,3,2,2.5,0.894,2150.85,Mid-High,5.6,0.3576,0.4,18.21007997,Mid-High,0.028409091,0.035592884
Karel Vejmelka,2023-2024,ARI,2725000,R,38,33,13,19,--,2,1089,977,114,0.897,3.35,2040:08:00,1,0,2,2,2,2.725,0.897,2040.133333,Mid-High,4.770642202,0.329174312,0.366972477,17.3033651,Mid-High,0.032634731,0.033980296
Petr Mrazek,2024-2025,DET,4250000,L,38,38,12,21,--,2,1066,950,116,0.891,3.35,2080:07:00,1,0,0,0,0,4.25,0.891,2080.116667,High,2.823529412,0.209647059,0.235294118,17.7722756,Mid-High,0.048295455,0.034291826
Spencer Knight,2024-2025,CHI,4500000,L,38,36,17,16,--,3,1011,912,100,0.902,2.72,2202:51:00,2,0,2,2,0,4.5,0.902,2202.85,High,3.777777778,0.200444444,0.444444444,19.00968084,Mid-High,0.051136364,0.036846409
Filip Gustavsson,2022-2023,MIN,787500,L,39,37,22,9,--,7,1173,1092,81,0.931,2.1,2310:56:00,3,0,1,1,0,0.7875,0.931,2310.933333,Mid-Low,27.93650794,1.182222222,3.80952381,19.83943298,High,0.009545455,0.038748121
Charlie Lindgren,2024-2025,WSH,1100000,R,39,38,20,14,--,3,985,883,104,0.896,2.73,2287:00:00,1,0,0,0,0,1.1,0.896,2287,Mid-High,18.18181818,0.814545455,0.909090909,19.25287989,Mid-High,0.0125,0.038839009
Joonas Korpisalo,2022-2023,LAK,1300000,L,39,37,18,14,--,4,1206,1103,104,0.915,2.87,2171:57:00,1,0,0,0,0,1.3,0.915,2171.95,Mid-High,13.84615385,0.703846154,0.769230769,18.49510149,Mid-High,0.015757576,0.03644569
Petr Mrazek,2022-2023,CHI,3800000,L,39,38,10,22,--,3,1248,1116,132,0.894,3.66,2165:10:00,0,0,2,2,4,3.8,0.894,2165.166667,High,2.631578947,0.235263158,0,18.49730698,Mid-Low,0.046060606,0.034563518
Philipp Grubauer,2022-2023,SEA,5900000,L,39,36,17,14,--,4,930,832,98,0.895,2.85,2065:37:00,0,0,1,1,0,5.9,0.895,2065.616667,High,2.881355932,0.151694915,0,17.89800352,Mid-High,0.071515152,0.035507571
Ville Husso,2021-2022,STL,750000,L,40,38,25,7,--,6,1236,1136,100,0.919,2.56,2341:14:00,2,0,0,0,0,0.75,0.919,2341.233333,Low,33.33333333,1.225333333,2.666666667,19.95780265,High,0.009202454,0.040303856
Sam Montembeault,2022-2023,MTL,1000000,L,40,39,16,19,--,3,1345,1212,133,0.901,3.42,2333:51:00,0,0,0,0,0,1,0.901,2333.85,Mid-Low,16,0.901,0,19.71042185,Mid-High,0.012121212,0.038036169
Marc-Andre Fleury,2023-2024,MIN,3500000,L,40,36,17,15,--,5,1056,945,111,0.895,2.98,2232:40:00,2,0,1,1,4,3.5,0.895,2232.666667,Mid-High,4.857142857,0.255714286,0.571428571,19.06343776,Mid-High,0.041916168,0.037369075
Ilya Samsonov,2023-2024,TOR,3550000,L,40,40,23,7,--,8,1087,967,120,0.89,3.13,2300:58:00,3,0,1,1,0,3.55,0.89,2300.966667,High,6.478873239,0.250704225,0.845070423,19.60886938,High,0.04251497,0.040049528
Linus Ullmark,2023-2024,BOS,5000000,L,40,39,22,10,--,7,1207,1105,103,0.915,2.57,2400:08:00,2,0,1,1,2,5,0.915,2400.133333,High,4.4,0.183,0.4,20.95531494,High,0.05988024,0.040177329
Sam Montembeault,2023-2024,MTL,1000000,L,41,40,16,15,--,9,1307,1180,127,0.903,3.14,2428:46:00,0,0,2,2,0,1,0.903,2428.766667,Mid-Low,16,0.903,0,20.56604137,Mid-High,0.011976048,0.039039461
Jeremy Swayman,2021-2022,BOS,1050000,L,41,39,23,14,--,3,1111,1015,96,0.914,2.41,2390:14:00,3,0,0,0,6,1.05,0.914,2390.233333,Mid-Low,21.9047619,0.87047619,2.857142857,20.36519206,High,0.012883436,0.040391436
Linus Ullmark,2021-2022,BOS,5000000,L,41,39,26,10,--,2,1140,1045,95,0.917,2.45,2330:26:00,1,0,1,1,4,5,0.917,2330.433333,High,5.2,0.1834,0.2,20.36820503,High,0.061349693,0.040535135
Elvis Merzlikins,2023-2024,CBJ,5400000,L,41,40,13,17,--,8,1266,1136,130,0.897,3.45,2258:40:00,1,0,0,0,4,5.4,0.897,2258.666667,High,2.407407407,0.166111111,0.185185185,19.55146805,Mid-High,0.064670659,0.036415499
Jonathan Quick,2022-2023,VGK,5800000,L,41,36,16,15,--,6,1080,953,127,0.882,3.41,2234:45:00,2,0,0,0,4,5.8,0.882,2234.75,High,2.75862069,0.152068966,0.344827586,19.21347977,Mid-High,0.07030303,0.037448679
Vitek Vanecek,2021-2022,WSH,716667,L,42,39,20,12,--,6,1117,1014,103,0.908,2.67,2317:23:00,4,0,0,0,0,0.716667,0.908,2317.383333,Low,27.90696376,1.266976155,5.581392753,19.61398725,Mid-High,0.00879346,0.038851169
Joseph Woll,2024-2025,TOR,766666,L,42,41,27,14,--,1,1216,1105,111,0.909,2.73,2442:20:00,1,0,0,0,0,0.766666,0.909,2442.333333,Low,35.21742193,1.185653205,1.30434896,20.72716876,High,0.008712114,0.042296915
Ilya Samsonov,2022-2023,TOR,1800000,L,42,40,27,10,--,5,1184,1088,96,0.919,2.33,2475:36:00,4,0,2,2,0,1.8,0.919,2475.6,Mid-High,15,0.510555556,2.222222222,21.26606259,High,0.021818182,0.042395608
Pyotr Kochetkov,2023-2024,CAR,2000000,L,42,40,23,13,--,4,1031,939,92,0.911,2.33,2371:29:00,4,0,0,0,8,2,0.911,2371.483333,Mid-High,11.5,0.4555,2,20.28343832,High,0.023952096,0.040264101
Jake Allen,2022-2023,MTL,2875000,L,42,41,15,24,--,3,1335,1190,145,0.891,3.55,2450:25:00,1,0,1,1,2,2.875,0.891,2450.416667,Mid-High,5.217391304,0.309913043,0.347826087,20.8465648,Mid-High,0.034848485,0.039309902
Logan Thompson,2024-2025,WSH,766667,R,43,42,31,6,--,6,1172,1067,105,0.91,2.49,2535:09:00,2,0,1,1,0,0.766667,0.91,2535.15,Low,40.43476503,1.186956006,2.608694518,21.55250705,High,0.008712125,0.044492909
James Reimer,2022-2023,SJS,1500000,L,43,41,12,21,--,8,1335,1188,147,0.89,3.48,2538:00:00,3,0,0,0,2,1.5,0.89,2538,Mid-High,8,0.593333333,2,21.43119882,Mid-High,0.018181818,0.039421402
Lukas Dostal,2023-2024,ANA,812500,L,44,38,14,23,--,3,1310,1181,129,0.902,3.33,2322:49:00,1,0,0,0,8,0.8125,0.902,2322.816667,Mid-Low,17.23076923,1.110153846,1.230769231,19.60227056,Mid-High,0.009730539,0.037291568
Alex Lyon,2023-2024,DET,900000,L,44,43,21,18,--,5,1325,1198,127,0.904,3.05,2498:51:00,2,0,1,1,2,0.9,0.904,2498.85,Mid-Low,23.33333333,1.004444444,2.222222222,21.17969805,High,0.010778443,0.041279354
Ilya Samsonov,2021-2022,WSH,1800000,L,44,39,23,12,--,5,1145,1026,119,0.896,3.02,2361:18:00,3,0,0,0,0,1.8,0.896,2361.3,Mid-High,12.77777778,0.497777778,1.666666667,19.99115605,High,0.02208589,0.04055864
Mackenzie Blackwood,2023-2024,SJS,2350000,L,44,41,10,25,--,4,1383,1243,140,0.899,3.45,2437:08:00,2,0,0,0,2,2.35,0.899,2437.133333,Mid-High,4.255319149,0.382553191,0.85106383,20.75983651,Mid-Low,0.028143713,0.037458144
Jeremy Swayman,2023-2024,BOS,3475000,L,44,43,25,10,--,8,1287,1179,108,0.916,2.53,2565:51:00,3,0,1,1,0,3.475,0.916,2565.85,Mid-High,7.194244604,0.263597122,0.863309353,22.22981256,High,0.041616766,0.042888451
Robin Lehner,2021-2022,VGK,5000000,L,44,44,23,17,--,2,1288,1168,120,0.907,2.83,2546:39:00,1,0,1,1,10,5,0.907,2546.65,High,4.6,0.1814,0.2,22.14440018,High,0.061349693,0.042324856
Linus Ullmark,2024-2025,OTT,5000000,L,44,43,25,14,--,3,1229,1118,112,0.91,2.72,2467:17:00,4,0,2,2,0,5,0.91,2467.283333,High,5,0.182,0.8,21.48444648,High,0.056818182,0.04195329
Filip Gustavsson,2023-2024,MIN,3750000,L,45,43,20,18,--,4,1283,1154,129,0.899,3.06,2526:33:00,3,0,1,1,0,3.75,0.899,2526.55,High,5.333333333,0.239733333,0.8,21.71769569,Mid-High,0.04491018,0.041426806
Carter Hart,2021-2022,PHI,3979000,L,45,44,13,24,--,7,1441,1304,137,0.905,3.16,2603:04:00,1,0,1,1,0,3.979,0.905,2603.066667,High,3.267152551,0.227444081,0.251319427,22.48805412,Mid-High,0.048822086,0.040035675
Mikko Koskinen,2021-2022,EDM,4500000,L,45,43,27,12,--,4,1397,1261,136,0.903,3.1,2628:38:00,1,0,0,0,4,4.5,0.903,2628.633333,High,6,0.200666667,0.222222222,22.75319745,High,0.055214724,0.044536136
Logan Thompson,2023-2024,VGK,766667,R,46,42,25,14,--,5,1298,1179,119,0.908,2.7,2645:28:00,1,0,3,3,0,0.766667,0.908,2645.466667,Low,32.60868147,1.184347311,1.304347259,22.49558858,High,0.009181641,0.04399326
Anton Forsberg,2021-2022,OTT,900000,L,46,44,22,17,--,4,1457,1336,121,0.917,2.82,2571:27:00,1,0,0,0,2,0.9,0.917,2571.45,Mid-Low,24.44444444,1.018888889,1.111111111,21.9703727,High,0.011042945,0.042031976
Marc-Andre Fleury,2022-2023,MIN,3500000,L,46,45,24,16,--,4,1367,1241,126,0.908,2.85,2654:17:00,2,0,1,1,2,3.5,0.908,2654.283333,Mid-High,6.857142857,0.259428571,0.571428571,22.91295588,High,0.042424242,0.043794282
Jonathan Quick,2021-2022,LAK,5800000,L,46,46,23,13,--,9,1284,1168,116,0.91,2.59,2685:52:00,2,0,1,1,6,5.8,0.91,2685.866667,High,3.965517241,0.156896552,0.344827586,23.49968971,High,0.071165644,0.043794599
John Gibson,2023-2024,ANA,6400000,L,46,44,13,27,--,2,1343,1192,151,0.888,3.54,2561:29:00,0,0,0,0,12,6.4,0.888,2561.483333,High,2.03125,0.13875,0,22.22294297,Mid-High,0.076646707,0.040034714
Samuel Ersson,2024-2025,PHI,1450000,L,47,45,22,17,--,5,1162,1026,136,0.883,3.14,2601:47:00,2,0,0,0,2,1.45,0.883,2601.783333,Mid-High,15.17241379,0.608965517,1.379310345,21.90084987,High,0.016477273,0.043294829
Pyotr Kochetkov,2024-2025,CAR,2000000,L,47,47,27,16,--,3,1172,1052,121,0.898,2.6,2790:42:00,2,0,3,3,8,2,0.898,2790.7,Mid-High,13.5,0.449,1,23.80313146,High,0.022727273,0.046478114
Cam Talbot,2024-2025,DET,2500000,L,47,43,21,19,--,5,1295,1167,129,0.901,2.93,2642:10:00,2,0,0,0,0,2.5,0.901,2642.166667,Mid-High,8.4,0.3604,0.8,22.5992017,High,0.028409091,0.042957991
Tristan Jarry,2022-2023,PIT,3500000,L,47,47,24,13,--,7,1414,1286,128,0.909,2.9,2650:02:00,2,0,2,2,2,3.5,0.909,2650.033333,Mid-High,6.857142857,0.259714286,0.571428571,22.88758471,High,0.042424242,0.043719721
Jake Oettinger,2021-2022,DAL,1387500,L,48,46,30,15,--,1,1331,1217,114,0.914,2.53,2707:36:00,1,0,2,2,0,1.3875,0.914,2707.6,Mid-High,21.62162162,0.658738739,0.720720721,23.18864299,High,0.01702454,0.046008558
Martin Jones,2022-2023,SEA,2000000,L,48,42,27,13,--,3,1145,1016,131,0.887,2.99,2625:39:00,3,0,0,0,0,2,0.887,2625.65,Mid-High,13.5,0.4435,1.5,22.22596189,High,0.024242424,0.044938108
James Reimer,2021-2022,SJS,2250000,L,48,46,19,17,--,10,1450,1321,129,0.911,2.9,2672:41:00,1,0,0,0,0,2.25,0.911,2672.683333,Mid-High,8.444444444,0.404888889,0.444444444,22.9543145,Mid-High,0.027607362,0.042431589
Jacob Markstrom,2023-2024,CGY,6000000,L,48,48,23,23,--,2,1379,1248,131,0.905,2.78,2831:07:00,2,0,5,5,0,6,0.905,2831.116667,High,3.833333333,0.150833333,0.333333333,24.7381885,High,0.071856287,0.045549183
Jack Campbell,2021-2022,TOR,1650000,L,49,47,31,9,--,6,1430,1307,123,0.914,2.64,2795:24:00,5,0,1,1,0,1.65,0.914,2795.4,Mid-High,18.78787879,0.553939394,3.03030303,23.99079934,High,0.020245399,0.047284174
Alexandar Georgiev,2024-2025,SJS,3400000,L,49,47,15,26,--,4,1317,1152,165,0.875,3.71,2671:48:00,0,0,1,1,0,3.4,0.875,2671.8,Mid-High,4.411764706,0.257352941,0,22.66210549,Mid-High,0.038636364,0.042212081
Cam Talbot,2021-2022,MIN,3666667,L,49,48,32,12,--,4,1488,1356,132,0.911,2.76,2864:23:00,3,0,1,1,2,3.666667,0.911,2864.383333,High,8.727271934,0.248454523,0.818181744,24.81067661,High,0.044989779,0.048431711
Jacob Markstrom,2024-2025,NJD,4125000,L,49,49,26,16,--,6,1214,1093,121,0.9,2.5,2903:01:00,4,0,0,0,0,4.125,0.9,2903.016667,High,6.303030303,0.218181818,0.96969697,25.07565195,High,0.046875,0.047378075
Linus Ullmark,2022-2023,BOS,5000000,L,49,48,40,6,--,1,1457,1366,91,0.938,1.89,2882:12:00,2,1,0,1,2,5,0.938,2882.2,High,8,0.1876,0.4,25.45339325,High,0.060606061,0.050273625
Stuart Skinner,2022-2023,EDM,750000,L,50,48,29,14,--,5,1536,1404,133,0.914,2.75,2903:05:00,1,0,2,2,0,0.75,0.914,2903.083333,Low,38.66666667,1.218666667,1.333333333,24.82257202,High,0.009090909,0.04788968
Charlie Lindgren,2023-2024,WSH,1100000,R,50,48,25,16,--,7,1431,1304,127,0.911,2.67,2852:23:00,6,0,0,0,0,1.1,0.911,2852.383333,Mid-High,22.72727273,0.828181818,5.454545455,24.38614752,High,0.013173653,0.046217411
Joey Daccord,2023-2024,SEA,1200000,L,50,46,19,18,--,11,1374,1258,116,0.916,2.46,2832:47:00,3,0,0,0,0,1.2,0.916,2832.783333,Mid-High,15.83333333,0.763333333,2.5,24.2861951,Mid-High,0.014371257,0.044079641
Connor Ingram,2023-2024,ARI,1950000,L,50,48,23,21,--,3,1461,1325,136,0.907,2.91,2802:56:00,6,0,3,3,0,1.95,0.907,2802.933333,Mid-High,11.79487179,0.465128205,3.076923077,24.01101444,High,0.023353293,0.045180723
Karel Vejmelka,2022-2023,ARI,2725000,R,50,49,18,24,--,6,1670,1503,168,0.9,3.43,2940:50:00,3,0,0,0,2,2.725,0.9,2940.833333,Mid-High,6.605504587,0.330275229,1.100917431,25.23288808,Mid-High,0.033030303,0.045421676
Adin Hill,2024-2025,VGK,4900000,L,50,50,32,13,--,5,1293,1172,121,0.906,2.47,2940:13:00,4,0,0,0,4,4.9,0.906,2940.216667,High,6.530612245,0.184897959,0.816326531,25.56936855,High,0.055681818,0.049412757
Darcy Kuemper,2024-2025,LAK,5250000,L,50,50,31,11,--,7,1267,1168,100,0.922,2.02,2973:39:00,5,0,1,1,12,5.25,0.922,2973.65,High,5.904761905,0.175619048,0.952380952,26.09595832,High,0.059659091,0.049052875
Sergei Bobrovsky,2022-2023,FLA,10000000,L,50,49,24,20,--,3,1466,1321,145,0.901,3.07,2834:22:00,1,0,0,0,2,10,0.901,2834.366667,High,2.4,0.0901,0.1,25.21686801,High,0.121212121,0.045991429
Kevin Lankinen,2024-2025,VAN,875000,L,51,49,25,15,--,10,1345,1213,132,0.902,2.62,3019:47:00,4,0,1,1,0,0.875,0.902,3019.783333,Mid-Low,28.57142857,1.030857143,4.571428571,25.71838564,High,0.009943182,0.048327624
Samuel Ersson,2023-2024,PHI,925000,L,51,49,23,19,--,7,1204,1072,132,0.89,2.82,2809:28:00,4,0,0,0,4,0.925,0.89,2809.466667,Mid-Low,24.86486486,0.962162162,4.324324324,23.73883574,High,0.011077844,0.045715944
Stuart Skinner,2024-2025,EDM,2600000,L,51,50,26,18,--,4,1325,1187,138,0.896,2.81,2942:27:00,3,0,0,0,0,2.6,0.896,2942.45,Mid-High,10,0.344615385,1.153846154,25.18399734,High,0.029545455,0.047926301
Thatcher Demko,2023-2024,VAN,5000000,L,51,51,35,14,--,2,1492,1369,123,0.918,2.45,3015:53:00,5,0,1,1,0,5,0.918,3015.883333,High,7,0.1836,1,26.38748599,High,0.05988024,0.050821205
Tristan Jarry,2023-2024,PIT,5375000,L,51,48,19,25,--,5,1369,1236,133,0.903,2.91,2740:38:00,6,1,0,1,4,5.375,0.903,2740.633333,High,3.534883721,0.168,1.11627907,23.84365752,Mid-High,0.064371257,0.043406391
Karel Vejmelka,2021-2022,ARI,925000,R,52,49,13,32,--,3,1669,1499,170,0.898,3.68,2773:14:00,1,0,0,0,0,0.925,0.898,2773.233333,Mid-Low,14.05405405,0.970810811,1.081081081,23.51629304,Mid-High,0.011349693,0.042122317
Vitek Vanecek,2022-2023,NJD,3400000,L,52,48,33,11,--,4,1333,1214,119,0.911,2.45,2915:34:00,3,0,3,3,2,3.4,0.911,2915.566667,Mid-High,9.705882353,0.267941176,0.882352941,25.22607615,High,0.041212121,0.049299293
Ilya Sorokin,2021-2022,NYI,4000000,L,52,52,26,18,--,8,1643,1520,123,0.925,2.4,3072:17:00,7,0,0,0,0,4,0.925,3072.283333,High,6.5,0.23125,1.75,26.84049598,High,0.049079755,0.048584254
Frederik Andersen,2021-2022,CAR,4500000,L,52,51,35,14,--,3,1431,1320,111,0.922,2.17,3070:53:00,4,0,4,4,0,4.5,0.922,3070.883333,High,7.777777778,0.204888889,0.888888889,26.85480919,High,0.055214724,0.051325287
Andrei Vasilevskiy,2023-2024,TBL,9500000,L,52,52,30,20,--,2,1477,1329,148,0.9,2.9,3062:52:00,2,0,2,2,2,9.5,0.9,3062.866667,High,3.157894737,0.094736842,0.210526316,27.14539285,High,0.113772455,0.050348249
Dustin Wolf,2024-2025,CGY,850000,L,53,53,29,16,--,8,1549,1409,140,0.91,2.64,3182:22:00,3,0,3,3,2,0.85,0.91,3182.366667,Mid-Low,34.11764706,1.070588235,3.529411765,27.23519654,High,0.009659091,0.051110649
Elvis Merzlikins,2024-2025,CBJ,5400000,L,53,52,26,21,--,5,1557,1389,168,0.892,3.18,3170:55:00,1,0,1,1,8,5.4,0.892,3170.916667,High,4.814814815,0.165185185,0.185185185,27.48720466,High,0.061363636,0.050580999
Igor Shesterkin,2021-2022,NYR,5666667,L,53,52,36,13,--,4,1622,1516,106,0.935,2.07,3070:32:00,6,0,1,1,2,5.666667,0.935,3070.533333,High,6.352940803,0.16499999,1.058823467,27.1513004,High,0.069529656,0.051264999
John Gibson,2022-2023,ANA,6400000,L,53,52,14,31,--,8,1983,1783,200,0.899,3.99,3004:55:00,1,0,2,2,12,6.4,0.899,3004.916667,High,2.1875,0.14046875,0.15625,26.23991305,Mid-High,0.077575758,0.044974081
Lukas Dostal,2024-2025,ANA,812500,L,54,49,23,23,--,7,1625,1467,158,0.903,3.1,3057:39:00,1,0,0,0,0,0.8125,0.903,3057.65,Mid-Low,28.30769231,1.111384615,1.230769231,26.05435574,High,0.009232955,0.048127935
Ukko-Pekka Luukkonen,2023-2024,BUF,837500,L,54,51,27,22,--,4,1470,1338,132,0.91,2.57,3081:14:00,5,0,1,1,8,0.8375,0.91,3081.233333,Mid-Low,32.23880597,1.086567164,5.970149254,26.34729089,High,0.01002994,0.049389229
Cam Talbot,2023-2024,LAK,1000000,L,54,52,27,20,--,6,1490,1361,130,0.913,2.5,3116:07:00,3,0,3,3,4,1,0.913,3116.116667,Mid-Low,27,0.913,3,26.70886344,High,0.011976048,0.049696344
Jake Oettinger,2023-2024,DAL,4000000,L,54,53,35,14,--,4,1476,1336,140,0.905,2.72,3084:35:00,3,0,0,0,2,4,0.905,3084.583333,High,8.75,0.22625,0.75,26.71076384,High,0.047904192,0.05194037
Sergei Bobrovsky,2021-2022,FLA,10000000,L,54,53,39,7,--,3,1566,1429,137,0.913,2.67,3082:10:00,3,0,0,0,4,10,0.913,3082.166667,High,3.9,0.0913,0.3,27.53114971,High,0.122699387,0.052884734
Sergei Bobrovsky,2024-2025,FLA,10000000,L,54,54,33,19,--,2,1377,1247,130,0.906,2.44,3199:59:00,5,0,1,1,4,10,0.906,3199.983333,High,3.3,0.0906,0.5,28.48057967,High,0.113636364,0.052604665
Carter Hart,2022-2023,PHI,3979000,L,55,54,22,23,--,10,1665,1510,155,0.907,2.94,3163:46:00,2,0,0,0,0,3.979,0.907,3163.766667,High,5.529027394,0.22794672,0.502638854,27.42588071,High,0.048230303,0.048904405
Joonas Korpisalo,2023-2024,OTT,4000000,L,55,49,21,26,--,4,1522,1354,168,0.89,3.27,3080:28:00,0,0,1,1,0,4,0.89,3080.466667,High,5.25,0.2225,0,26.49653602,High,0.047904192,0.048141353
Ukko-Pekka Luukkonen,2024-2025,BUF,4750000,L,55,55,24,24,--,5,1490,1321,169,0.887,3.2,3172:13:00,2,0,1,1,2,4.75,0.887,3172.216667,High,5.052631579,0.186736842,0.421052632,27.3583386,High,0.053977273,0.05013704
Igor Shesterkin,2023-2024,NYR,5666667,L,55,55,36,17,--,2,1606,1466,141,0.913,2.58,3277:06:00,4,0,1,1,6,5.666667,0.913,3277.1,High,6.352940803,0.161117638,0.705882311,28.70040235,High,0.067864275,0.054165276
Philipp Grubauer,2021-2022,SEA,5900000,L,55,54,18,31,--,5,1479,1315,164,0.889,3.16,3111:25:00,2,0,1,1,0,5.9,0.889,3111.416667,High,3.050847458,0.150677966,0.338983051,26.99231925,Mid-High,0.072392638,0.047621765
Mackenzie Blackwood,2024-2025,COL,2350000,L,56,53,28,21,--,6,1549,1413,137,0.912,2.55,3223:38:00,4,0,1,1,2,2.35,0.912,3223.633333,Mid-High,11.91489362,0.388085106,1.70212766,27.80725635,High,0.026704545,0.051218872
Petr Mrazek,2023-2024,CHI,3800000,L,56,53,18,31,--,4,1724,1565,160,0.908,3.05,3152:40:00,1,0,0,0,14,3.8,0.908,3152.666667,High,4.736842105,0.238947368,0.263157895,27.31820276,Mid-High,0.045508982,0.04756461
Ilya Sorokin,2023-2024,NYI,4000000,L,56,55,25,19,--,12,1821,1655,167,0.909,3.01,3325:59:00,2,0,2,2,0,4,0.909,3325.983333,High,6.25,0.22725,0.5,28.87394221,High,0.047904192,0.051549324
Ville Husso,2022-2023,DET,4750000,L,56,56,26,22,--,7,1603,1436,167,0.896,3.11,3220:14:00,4,0,0,0,0,4.75,0.896,3220.233333,High,5.473684211,0.188631579,0.842105263,27.88605429,High,0.057575758,0.05102175
Jordan Binnington,2024-2025,STL,6000000,L,56,54,28,22,--,5,1457,1312,145,0.9,2.69,3238:59:00,3,0,0,0,6,6,0.9,3238.983333,High,4.666666667,0.15,0.5,28.25342084,High,0.068181818,0.051716336
John Gibson,2021-2022,ANA,6400000,L,56,56,18,26,--,11,1789,1617,172,0.904,3.19,3235:35:00,1,0,1,1,12,6.4,0.904,3235.583333,High,2.8125,0.14125,0.15625,28.32089917,Mid-High,0.078527607,0.048597387
Marc-Andre Fleury,2021-2022,MIN,7000000,L,56,56,28,23,--,5,1732,1573,159,0.908,2.9,3284:52:00,4,0,2,2,2,7,0.908,3284.866667,High,4,0.129714286,0.571428571,28.87498861,High,0.085889571,0.052010023
Joey Daccord,2024-2025,SEA,1200000,L,57,55,27,23,--,5,1599,1449,151,0.906,2.75,3295:15:00,2,0,2,2,0,1.2,0.906,3295.25,Mid-High,22.5,0.755,1.666666667,28.22056857,High,0.013636364,0.051882905
Darcy Kuemper,2021-2022,COL,4500000,L,57,57,37,12,--,4,1754,1616,138,0.921,2.54,3258:45:00,5,0,0,0,2,4.5,0.921,3258.75,High,8.222222222,0.204666667,1.111111111,28.48942913,High,0.055214724,0.054040412
Darcy Kuemper,2022-2023,WSH,5250000,L,57,56,22,26,--,7,1674,1521,154,0.909,2.87,3223:47:00,5,0,0,0,4,5.25,0.909,3223.783333,High,4.19047619,0.173142857,0.952380952,28.13377538,High,0.063636364,0.049518793
Jordan Binnington,2023-2024,STL,6000000,L,57,55,28,21,--,5,1786,1630,156,0.913,2.84,3291:29:00,3,0,3,3,8,6,0.913,3291.483333,High,4.666666667,0.152166667,0.5,28.86793556,High,0.071856287,0.05194775
Karel Vejmelka,2024-2025,UTA,2725000,R,58,55,26,22,--,8,1509,1364,145,0.904,2.58,3368:20:00,1,0,1,1,0,2.725,0.904,3368.333333,Mid-High,9.541284404,0.331743119,0.366972477,29.02707959,High,0.030965909,0.052454478
Tristan Jarry,2021-2022,PIT,3500000,L,58,56,34,18,--,6,1711,1573,138,0.919,2.42,3415:11:00,4,0,2,2,2,3.5,0.919,3415.183333,Mid-High,9.714285714,0.262571429,1.142857143,29.71225967,High,0.042944785,0.054946335
Filip Gustavsson,2024-2025,MIN,3750000,L,58,58,31,19,--,6,1693,1547,146,0.914,2.56,3423:35:00,5,1,1,2,0,3.75,0.914,3423.583333,High,8.266666667,0.243733333,1.333333333,29.75760226,High,0.042613636,0.054284268
Jake Oettinger,2024-2025,DAL,4000000,L,58,58,36,18,--,4,1611,1464,147,0.909,2.59,3410:04:00,2,0,1,1,0,4,0.909,3410.066667,High,9,0.22725,0.5,29.61086333,High,0.045454545,0.05575578
Juuse Saros,2024-2025,NSH,5000000,L,58,58,20,31,--,6,1592,1426,167,0.896,2.98,3357:49:00,4,0,1,1,4,5,0.896,3357.816667,High,4,0.1792,0.8,29.12296522,Mid-High,0.056818182,0.050771542
Igor Shesterkin,2022-2023,NYR,5666667,L,58,58,37,13,--,8,1719,1575,144,0.916,2.48,3488:46:00,3,0,1,1,2,5.666667,0.916,3488.766667,High,6.529411381,0.161647049,0.529411734,30.59111598,High,0.068686873,0.056739584
Jeremy Swayman,2024-2025,BOS,8250000,L,58,58,22,29,--,7,1632,1456,176,0.892,3.11,3390:35:00,4,0,0,0,2,8.25,0.892,3390.583333,High,2.666666667,0.108121212,0.484848485,29.76701482,High,0.09375,0.051839929
Sergei Bobrovsky,2023-2024,FLA,10000000,L,58,58,36,17,--,4,1584,1449,135,0.915,2.37,3414:14:00,6,0,2,2,4,10,0.915,3414.233333,High,3.6,0.0915,0.6,30.46519354,High,0.119760479,0.055639005
Stuart Skinner,2023-2024,EDM,2600000,L,59,57,36,16,--,5,1553,1406,147,0.905,2.62,3361:21:00,2,0,0,0,0,2.6,0.905,3361.35,Mid-High,13.84615385,0.348076923,0.769230769,28.96219981,High,0.031137725,0.055321715
Alex Nedeljkovic,2021-2022,DET,3000000,L,59,52,20,24,--,9,1796,1618,178,0.901,3.31,3230:48:00,4,0,2,2,2,3,0.901,3230.8,Mid-High,6.666666667,0.300333333,1.333333333,27.82030057,Mid-High,0.036809816,0.049220139
Elvis Merzlikins,2021-2022,CBJ,4000000,L,59,56,27,23,--,7,1920,1742,178,0.907,3.22,3320:07:00,2,0,2,2,8,4,0.907,3320.116667,High,6.75,0.22675,0.5,28.79877256,High,0.049079755,0.052132803
Jacob Markstrom,2022-2023,CGY,6000000,L,59,58,23,21,--,12,1542,1376,166,0.892,2.92,3410:50:00,1,0,2,2,14,6,0.892,3410.833333,High,3.833333333,0.148666667,0.166666667,29.66453187,High,0.072727273,0.052362808
Connor Hellebuyck,2023-2024,WPG,6166667,L,60,60,37,19,--,4,1798,1656,142,0.921,2.39,3567:20:00,5,0,0,0,2,6.166667,0.921,3567.333333,High,5.999999676,0.149351343,0.810810767,31.40128372,High,0.073852299,0.057479078
Andrei Vasilevskiy,2022-2023,TBL,9500000,L,60,60,34,22,--,4,1875,1716,159,0.915,2.65,3596:25:00,4,0,2,2,0,9.5,0.915,3596.416667,High,3.578947368,0.096315789,0.421052632,31.99966755,High,0.115151515,0.057074694
Igor Shesterkin,2024-2025,NYR,5666667,L,61,61,27,29,--,5,1751,1584,167,0.905,2.86,3505:08:00,6,0,0,0,6,5.666667,0.905,3505.133333,High,4.764705602,0.159705873,1.058823467,30.603914,High,0.064393943,0.054248919
Jordan Binnington,2022-2023,STL,6000000,L,61,60,27,27,--,6,1826,1632,194,0.894,3.31,3516:03:00,2,0,2,2,29,6,0.894,3516.05,High,4.5,0.149,0.333333333,30.6104224,High,0.072727273,0.05466978
Ilya Sorokin,2024-2025,NYI,8250000,L,61,60,30,24,--,6,1695,1538,158,0.907,2.71,3498:51:00,4,1,2,3,2,8.25,0.907,3498.85,High,3.636363636,0.109939394,0.484848485,30.89403156,High,0.09375,0.055016176
Sam Montembeault,2024-2025,MTL,3150000,L,62,60,31,24,--,7,1678,1513,166,0.902,2.82,3533:59:00,4,0,1,1,0,3.15,0.902,3533.983333,Mid-High,9.841269841,0.286349206,1.26984127,30.50799304,High,0.035795455,0.055840912
Alexandar Georgiev,2022-2023,COL,3400000,L,62,62,40,16,--,6,1904,1749,156,0.919,2.53,3700:20:00,5,0,1,1,0,3.4,0.919,3700.333333,Mid-High,11.76470588,0.270294118,1.470588235,32.19892188,High,0.041212121,0.059907228
Jake Oettinger,2022-2023,DAL,4000000,L,62,61,37,11,--,11,1776,1633,144,0.919,2.37,3644:53:00,5,0,1,1,2,4,0.919,3644.883333,High,9.25,0.22975,1.25,31.78760366,High,0.048484848,0.05839765
Ilya Sorokin,2022-2023,NYI,4000000,L,62,60,31,22,--,7,1838,1699,140,0.924,2.34,3587:04:00,6,0,1,1,0,4,0.924,3587.066667,High,7.75,0.231,1.5,31.3402711,High,0.048484848,0.055834017
Alexandar Georgiev,2023-2024,COL,3400000,L,63,62,38,18,--,5,1770,1588,183,0.897,3.02,3637:57:00,2,0,2,2,4,3.4,0.897,3637.95,Mid-High,11.17647059,0.263823529,0.588235294,31.39089871,High,0.040718563,0.059216038
Jacob Markstrom,2021-2022,CGY,6000000,L,63,63,37,15,--,9,1754,1617,137,0.922,2.22,3695:50:00,9,0,3,3,10,6,0.922,3695.833333,High,6.166666667,0.153666667,1.5,32.51861927,High,0.073619632,0.058883803
Connor Hellebuyck,2024-2025,WPG,8500000,L,63,62,47,12,--,3,1664,1539,125,0.925,2,3741:22:00,8,0,1,1,2,8.5,0.925,3741.366667,High,5.529411765,0.108823529,0.941176471,33.26437504,High,0.096590909,0.062281852
Andrei Vasilevskiy,2021-2022,TBL,9500000,L,63,63,39,18,--,5,1868,1712,156,0.916,2.49,3760:45:00,2,0,1,1,6,9.5,0.916,3760.75,High,4.105263158,0.096421053,0.210526316,33.45179036,High,0.116564417,0.060364853
Andrei Vasilevskiy,2024-2025,TBL,9500000,L,63,63,38,20,--,5,1716,1581,136,0.921,2.18,3743:05:00,6,0,2,2,8,9.5,0.921,3743.083333,High,4,0.096947368,0.631578947,33.35633947,High,0.107954545,0.059734755
Thatcher Demko,2021-2022,VAN,5000000,L,64,61,33,22,--,7,1967,1799,168,0.915,2.72,3700:39:00,1,0,2,2,2,5,0.915,3700.65,High,6.6,0.183,0.2,32.3532718,High,0.061349693,0.057938982
Juuse Saros,2022-2023,NSH,5000000,L,64,63,33,23,--,7,2099,1928,171,0.919,2.69,3809:59:00,2,0,1,1,0,5,0.919,3809.983333,High,6.6,0.1838,0.4,33.35899467,High,0.060606061,0.059048522
Juuse Saros,2023-2024,NSH,5000000,L,64,64,35,24,--,5,1845,1672,173,0.906,2.86,3624:38:00,3,0,2,2,2,5,0.906,3624.633333,High,7,0.1812,0.6,31.58015918,High,0.05988024,0.057931159
Connor Hellebuyck,2022-2023,WPG,6166667,L,64,64,37,25,--,2,1964,1807,157,0.92,2.49,3778:00:00,4,0,0,0,0,6.166667,0.92,3778,High,5.999999676,0.149189181,0.648648614,33.23572688,High,0.074747479,0.059853821
Connor Hellebuyck,2021-2022,WPG,6166667,L,66,66,29,27,--,10,2155,1962,193,0.91,2.97,3903:30:00,4,0,2,2,0,6.166667,0.91,3903.5,High,4.702702449,0.14756756,0.648648614,34.2168652,High,0.075664626,0.059146522
Juuse Saros,2021-2022,NSH,5000000,L,67,67,38,25,--,3,2107,1934,173,0.918,2.64,3931:42:00,4,0,0,0,0,5,0.918,3931.7,High,7.6,0.1836,0.8,34.41386437,High,0.061349693,0.061918188
